[INFO] Scanning for projects...
[INFO] 
[INFO] -------------------------< com.ana:battleship >-------------------------
[INFO] Building battleship 0.0.1-SNAPSHOT
[INFO]   from pom.xml
[INFO] --------------------------------[ jar ]---------------------------------
[INFO] 
[INFO] >>> spring-boot:4.1.0:run (default-cli) > test-compile @ battleship >>>
[INFO] 
[INFO] --- resources:3.5.0:resources (default-resources) @ battleship ---
[INFO] Copying 1 resource from src\main\resources to target\classes
[INFO] Copying 0 resource from src\main\resources to target\classes
[INFO] 
[INFO] --- compiler:3.15.0:compile (default-compile) @ battleship ---
[INFO] Nothing to compile - all classes are up to date.
[INFO] 
[INFO] --- resources:3.5.0:testResources (default-testResources) @ battleship ---
[INFO] Copying 1 resource from src\test\resources to target\test-classes
[INFO] 
[INFO] --- compiler:3.15.0:testCompile (default-testCompile) @ battleship ---
[INFO] Nothing to compile - all classes are up to date.
[INFO] 
[INFO] <<< spring-boot:4.1.0:run (default-cli) < test-compile @ battleship <<<
[INFO] 
[INFO] 
[INFO] --- spring-boot:4.1.0:run (default-cli) @ battleship ---
[INFO] Attaching agents: []

  .   ____          _            __ _ _
 /\\ / ___'_ __ _ _(_)_ __  __ _ \ \ \ \
( ( )\___ | '_ | '_| | '_ \/ _` | \ \ \ \
 \\/  ___)| |_)| | | | | || (_| |  ) ) ) )
  '  |____| .__|_| |_|_| |_\__, | / / / /
 =========|_|==============|___/=/_/_/_/

 :: Spring Boot ::                (v4.1.0)

2026-07-27T15:02:27.274-03:00  INFO 20164 --- [battleship-api] [           main] [battleship-api,,] c.ana.battleship.BattleshipApplication   : Starting BattleshipApplication using Java 25.0.3 with PID 20164 (C:\Users\avicente\Documents\battleship\battleship-api\target\classes started by avicente in C:\Users\avicente\Documents\battleship\battleship-api)
2026-07-27T15:02:27.279-03:00  INFO 20164 --- [battleship-api] [           main] [battleship-api,,] c.ana.battleship.BattleshipApplication   : No active profile set, falling back to 1 default profile: "default"
2026-07-27T15:02:28.817-03:00  INFO 20164 --- [battleship-api] [           main] [battleship-api,,] .s.d.r.c.RepositoryConfigurationDelegate : Multiple Spring Data modules found, entering strict repository configuration mode
2026-07-27T15:02:28.875-03:00  INFO 20164 --- [battleship-api] [           main] [battleship-api,,] .s.d.r.c.RepositoryConfigurationDelegate : Bootstrapping Spring Data JPA repositories in DEFAULT mode.
2026-07-27T15:02:29.071-03:00  INFO 20164 --- [battleship-api] [           main] [battleship-api,,] .s.d.r.c.RepositoryConfigurationDelegate : Finished Spring Data repository scanning in 185 ms. Found 5 JPA repository interfaces.
2026-07-27T15:02:29.088-03:00  INFO 20164 --- [battleship-api] [           main] [battleship-api,,] .s.d.r.c.RepositoryConfigurationDelegate : Multiple Spring Data modules found, entering strict repository configuration mode
2026-07-27T15:02:29.089-03:00  INFO 20164 --- [battleship-api] [           main] [battleship-api,,] .s.d.r.c.RepositoryConfigurationDelegate : Bootstrapping Spring Data Redis repositories in DEFAULT mode.
2026-07-27T15:02:29.105-03:00  INFO 20164 --- [battleship-api] [           main] [battleship-api,,] .RepositoryConfigurationExtensionSupport : Spring Data Redis - Could not safely identify store assignment for repository candidate interface com.ana.battleship.repository.JogoRepository; If you want this repository to be a Redis repository, consider annotating your entities with one of these annotations: org.springframework.data.redis.core.RedisHash (preferred), or consider extending one of the following types with your repository: org.springframework.data.keyvalue.repository.KeyValueRepository
2026-07-27T15:02:29.106-03:00  INFO 20164 --- [battleship-api] [           main] [battleship-api,,] .RepositoryConfigurationExtensionSupport : Spring Data Redis - Could not safely identify store assignment for repository candidate interface com.ana.battleship.repository.NavioRepository; If you want this repository to be a Redis repository, consider annotating your entities with one of these annotations: org.springframework.data.redis.core.RedisHash (preferred), or consider extending one of the following types with your repository: org.springframework.data.keyvalue.repository.KeyValueRepository
2026-07-27T15:02:29.106-03:00  INFO 20164 --- [battleship-api] [           main] [battleship-api,,] .RepositoryConfigurationExtensionSupport : Spring Data Redis - Could not safely identify store assignment for repository candidate interface com.ana.battleship.repository.TabuleiroRepository; If you want this repository to be a Redis repository, consider annotating your entities with one of these annotations: org.springframework.data.redis.core.RedisHash (preferred), or consider extending one of the following types with your repository: org.springframework.data.keyvalue.repository.KeyValueRepository
2026-07-27T15:02:29.107-03:00  INFO 20164 --- [battleship-api] [           main] [battleship-api,,] .RepositoryConfigurationExtensionSupport : Spring Data Redis - Could not safely identify store assignment for repository candidate interface com.ana.battleship.repository.TiroRepository; If you want this repository to be a Redis repository, consider annotating your entities with one of these annotations: org.springframework.data.redis.core.RedisHash (preferred), or consider extending one of the following types with your repository: org.springframework.data.keyvalue.repository.KeyValueRepository
2026-07-27T15:02:29.107-03:00  INFO 20164 --- [battleship-api] [           main] [battleship-api,,] .RepositoryConfigurationExtensionSupport : Spring Data Redis - Could not safely identify store assignment for repository candidate interface com.ana.battleship.repository.UsuarioRepository; If you want this repository to be a Redis repository, consider annotating your entities with one of these annotations: org.springframework.data.redis.core.RedisHash (preferred), or consider extending one of the following types with your repository: org.springframework.data.keyvalue.repository.KeyValueRepository
2026-07-27T15:02:29.108-03:00  INFO 20164 --- [battleship-api] [           main] [battleship-api,,] .s.d.r.c.RepositoryConfigurationDelegate : Finished Spring Data repository scanning in 9 ms. Found 0 Redis repository interfaces.
2026-07-27T15:02:29.993-03:00  INFO 20164 --- [battleship-api] [           main] [battleship-api,,] o.s.boot.tomcat.TomcatWebServer          : Tomcat initialized with port 8080 (http)
2026-07-27T15:02:30.009-03:00  INFO 20164 --- [battleship-api] [           main] [battleship-api,,] o.apache.catalina.core.StandardService   : Starting service [Tomcat]
2026-07-27T15:02:30.009-03:00  INFO 20164 --- [battleship-api] [           main] [battleship-api,,] o.apache.catalina.core.StandardEngine    : Starting Servlet engine: [Apache Tomcat/11.0.22]
2026-07-27T15:02:30.092-03:00  INFO 20164 --- [battleship-api] [           main] [battleship-api,,] b.w.c.s.WebApplicationContextInitializer : Root WebApplicationContext: initialization completed in 2753 ms
2026-07-27T15:02:30.607-03:00  INFO 20164 --- [battleship-api] [           main] [battleship-api,,] i.m.c.instrument.push.PushMeterRegistry  : Publishing metrics for OtlpMeterRegistry every 1m to http://localhost:4318/v1/metrics with resource attributes {service.name=battleship-api}
2026-07-27T15:02:30.878-03:00  INFO 20164 --- [battleship-api] [           main] [battleship-api,,] org.hibernate.orm.jpa                    : HHH008540: Processing PersistenceUnitInfo [name: default]
2026-07-27T15:02:30.928-03:00  INFO 20164 --- [battleship-api] [           main] [battleship-api,,] org.hibernate.orm.core                   : HHH000001: Hibernate ORM core version 7.4.1.Final
2026-07-27T15:02:31.291-03:00  INFO 20164 --- [battleship-api] [           main] [battleship-api,,] o.s.o.j.p.SpringPersistenceUnitInfo      : No LoadTimeWeaver setup: ignoring JPA class transformer
2026-07-27T15:02:31.359-03:00  INFO 20164 --- [battleship-api] [           main] [battleship-api,,] com.zaxxer.hikari.HikariDataSource       : HikariPool-1 - Starting...
2026-07-27T15:02:31.678-03:00  INFO 20164 --- [battleship-api] [           main] [battleship-api,,] com.zaxxer.hikari.pool.HikariPool        : HikariPool-1 - Added connection conn1: url=jdbc:h2:file:./data/battleship user=SA
2026-07-27T15:02:31.680-03:00  INFO 20164 --- [battleship-api] [           main] [battleship-api,,] com.zaxxer.hikari.HikariDataSource       : HikariPool-1 - Start completed.
2026-07-27T15:02:31.700-03:00  WARN 20164 --- [battleship-api] [           main] [battleship-api,,] org.hibernate.orm.deprecation            : HHH90000025: H2Dialect does not need to be specified explicitly using 'hibernate.dialect' (remove the property setting and it will be selected by default)
2026-07-27T15:02:31.716-03:00  INFO 20164 --- [battleship-api] [           main] [battleship-api,,] org.hibernate.orm.connections.pooling    : HHH10001005: Database info:
	Database JDBC URL [jdbc:h2:file:./data/battleship]
	Database driver: H2 JDBC Driver
	Database dialect: H2Dialect
	Database version: 2.4.240
	Default catalog/schema: BATTLESHIP/PUBLIC
	Autocommit mode: undefined/unknown
	Isolation level: READ_COMMITTED [default READ_COMMITTED]
	JDBC fetch size: 100
	Pool: DataSourceConnectionProvider
	Minimum pool size: undefined/unknown
	Maximum pool size: undefined/unknown
2026-07-27T15:02:32.737-03:00  INFO 20164 --- [battleship-api] [           main] [battleship-api,,] org.hibernate.orm.core                   : HHH000489: No JTA platform available (set 'hibernate.transaction.jta.platform' to enable JTA platform integration)
2026-07-27T15:02:32.788-03:00  INFO 20164 --- [battleship-api] [           main] [battleship-api,,] j.LocalContainerEntityManagerFactoryBean : Initialized JPA EntityManagerFactory for persistence unit 'default'
2026-07-27T15:02:32.861-03:00  INFO 20164 --- [battleship-api] [           main] [battleship-api,,] o.s.d.j.r.query.QueryEnhancerFactories   : Hibernate is in classpath; If applicable, HQL parser will be used.
2026-07-27T15:02:33.956-03:00  INFO 20164 --- [battleship-api] [           main] [battleship-api,,] r$InitializeUserDetailsManagerConfigurer : Global AuthenticationManager configured with UserDetailsService bean with name authService
2026-07-27T15:02:35.184-03:00  INFO 20164 --- [battleship-api] [           main] [battleship-api,,] o.s.b.a.e.web.EndpointLinksResolver      : Exposing 4 endpoints beneath base path '/actuator'
2026-07-27T15:02:35.274-03:00  INFO 20164 --- [battleship-api] [           main] [battleship-api,,] o.s.m.s.b.SimpleBrokerMessageHandler     : Starting...
2026-07-27T15:02:35.275-03:00  INFO 20164 --- [battleship-api] [           main] [battleship-api,,] o.s.m.s.b.SimpleBrokerMessageHandler     : BrokerAvailabilityEvent[available=true, SimpleBrokerMessageHandler [org.springframework.messaging.simp.broker.DefaultSubscriptionRegistry@2155e1e2]]
2026-07-27T15:02:35.276-03:00  INFO 20164 --- [battleship-api] [           main] [battleship-api,,] o.s.m.s.b.SimpleBrokerMessageHandler     : Started.
2026-07-27T15:02:35.287-03:00  INFO 20164 --- [battleship-api] [           main] [battleship-api,,] o.s.boot.tomcat.TomcatWebServer          : Tomcat started on port 8080 (http) with context path '/'
2026-07-27T15:02:35.299-03:00  INFO 20164 --- [battleship-api] [           main] [battleship-api,,] c.ana.battleship.BattleshipApplication   : Started BattleshipApplication in 8.533 seconds (process running for 9.194)
WARNING: A terminally deprecated method in sun.misc.Unsafe has been called
WARNING: sun.misc.Unsafe::arrayBaseOffset has been called by com.google.protobuf.UnsafeUtil (file:/C:/Users/avicente/.m2/repository/com/google/protobuf/protobuf-java/4.34.2/protobuf-java-4.34.2.jar)
WARNING: Please consider reporting this to the maintainers of class com.google.protobuf.UnsafeUtil
WARNING: sun.misc.Unsafe::arrayBaseOffset will be removed in a future release
2026-07-27T15:03:23.743-03:00  WARN 20164 --- [battleship-api] [trics-publisher] [battleship-api,,] i.m.registry.otlp.OtlpMeterRegistry      : Failed to publish metrics to OTLP receiver (context: url=http://localhost:4318/v1/metrics, resource-attributes={service.name=battleship-api})

io.micrometer.registry.otlp.OtlpHttpMetricsSender$OtlpHttpMetricsSendUnsuccessfulException: Server responded with HTTP status code 404 and body 404 page not found

	at io.micrometer.registry.otlp.OtlpHttpMetricsSender.send(OtlpHttpMetricsSender.java:68) ~[micrometer-registry-otlp-1.17.0.jar:1.17.0]
	at io.micrometer.registry.otlp.OtlpMeterRegistry.publish(OtlpMeterRegistry.java:193) ~[micrometer-registry-otlp-1.17.0.jar:1.17.0]
	at io.micrometer.core.instrument.push.PushMeterRegistry.publishSafelyOrSkipIfInProgress(PushMeterRegistry.java:63) ~[micrometer-core-1.17.0.jar:1.17.0]
	at java.base/java.util.concurrent.Executors$RunnableAdapter.call(Executors.java:545) ~[na:na]
	at java.base/java.util.concurrent.FutureTask.runAndReset(FutureTask.java:369) ~[na:na]
	at java.base/java.util.concurrent.ScheduledThreadPoolExecutor$ScheduledFutureTask.run(ScheduledThreadPoolExecutor.java:310) ~[na:na]
	at java.base/java.util.concurrent.ThreadPoolExecutor.runWorker(ThreadPoolExecutor.java:1090) ~[na:na]
	at java.base/java.util.concurrent.ThreadPoolExecutor$Worker.run(ThreadPoolExecutor.java:614) ~[na:na]
	at java.base/java.lang.Thread.run(Thread.java:1474) ~[na:na]

2026-07-27T15:03:35.224-03:00  INFO 20164 --- [battleship-api] [MessageBroker-1] [battleship-api,,] o.s.w.s.c.WebSocketMessageBrokerStats    : WebSocketSession[0 current WS(0)-HttpStream(0)-HttpPoll(0), 0 total, 0 closed abnormally (0 connect failure, 0 send limit, 0 transport error)], stompSubProtocol[processed CONNECT(0)-CONNECTED(0)-DISCONNECT(0)], stompBrokerRelay[null], inboundChannel[pool size = 0, active threads = 0, queued tasks = 0, completed tasks = 0], outboundChannel[pool size = 0, active threads = 0, queued tasks = 0, completed tasks = 0], sockJsScheduler[pool size = 10, active threads = 1, queued tasks = 3, completed tasks = 6]
2026-07-27T15:04:22.726-03:00  WARN 20164 --- [battleship-api] [trics-publisher] [battleship-api,,] i.m.registry.otlp.OtlpMeterRegistry      : Failed to publish metrics to OTLP receiver (context: url=http://localhost:4318/v1/metrics, resource-attributes={service.name=battleship-api})

io.micrometer.registry.otlp.OtlpHttpMetricsSender$OtlpHttpMetricsSendUnsuccessfulException: Server responded with HTTP status code 404 and body 404 page not found

	at io.micrometer.registry.otlp.OtlpHttpMetricsSender.send(OtlpHttpMetricsSender.java:68) ~[micrometer-registry-otlp-1.17.0.jar:1.17.0]
	at io.micrometer.registry.otlp.OtlpMeterRegistry.publish(OtlpMeterRegistry.java:193) ~[micrometer-registry-otlp-1.17.0.jar:1.17.0]
	at io.micrometer.core.instrument.push.PushMeterRegistry.publishSafelyOrSkipIfInProgress(PushMeterRegistry.java:63) ~[micrometer-core-1.17.0.jar:1.17.0]
	at java.base/java.util.concurrent.Executors$RunnableAdapter.call(Executors.java:545) ~[na:na]
	at java.base/java.util.concurrent.FutureTask.runAndReset(FutureTask.java:369) ~[na:na]
	at java.base/java.util.concurrent.ScheduledThreadPoolExecutor$ScheduledFutureTask.run(ScheduledThreadPoolExecutor.java:310) ~[na:na]
	at java.base/java.util.concurrent.ThreadPoolExecutor.runWorker(ThreadPoolExecutor.java:1090) ~[na:na]
	at java.base/java.util.concurrent.ThreadPoolExecutor$Worker.run(ThreadPoolExecutor.java:614) ~[na:na]
	at java.base/java.lang.Thread.run(Thread.java:1474) ~[na:na]

2026-07-27T15:05:22.718-03:00  WARN 20164 --- [battleship-api] [trics-publisher] [battleship-api,,] i.m.registry.otlp.OtlpMeterRegistry      : Failed to publish metrics to OTLP receiver (context: url=http://localhost:4318/v1/metrics, resource-attributes={service.name=battleship-api})

io.micrometer.registry.otlp.OtlpHttpMetricsSender$OtlpHttpMetricsSendUnsuccessfulException: Server responded with HTTP status code 404 and body 404 page not found

	at io.micrometer.registry.otlp.OtlpHttpMetricsSender.send(OtlpHttpMetricsSender.java:68) ~[micrometer-registry-otlp-1.17.0.jar:1.17.0]
	at io.micrometer.registry.otlp.OtlpMeterRegistry.publish(OtlpMeterRegistry.java:193) ~[micrometer-registry-otlp-1.17.0.jar:1.17.0]
	at io.micrometer.core.instrument.push.PushMeterRegistry.publishSafelyOrSkipIfInProgress(PushMeterRegistry.java:63) ~[micrometer-core-1.17.0.jar:1.17.0]
	at java.base/java.util.concurrent.Executors$RunnableAdapter.call(Executors.java:545) ~[na:na]
	at java.base/java.util.concurrent.FutureTask.runAndReset(FutureTask.java:369) ~[na:na]
	at java.base/java.util.concurrent.ScheduledThreadPoolExecutor$ScheduledFutureTask.run(ScheduledThreadPoolExecutor.java:310) ~[na:na]
	at java.base/java.util.concurrent.ThreadPoolExecutor.runWorker(ThreadPoolExecutor.java:1090) ~[na:na]
	at java.base/java.util.concurrent.ThreadPoolExecutor$Worker.run(ThreadPoolExecutor.java:614) ~[na:na]
	at java.base/java.lang.Thread.run(Thread.java:1474) ~[na:na]

2026-07-27T15:06:22.712-03:00  WARN 20164 --- [battleship-api] [trics-publisher] [battleship-api,,] i.m.registry.otlp.OtlpMeterRegistry      : Failed to publish metrics to OTLP receiver (context: url=http://localhost:4318/v1/metrics, resource-attributes={service.name=battleship-api})

io.micrometer.registry.otlp.OtlpHttpMetricsSender$OtlpHttpMetricsSendUnsuccessfulException: Server responded with HTTP status code 404 and body 404 page not found

	at io.micrometer.registry.otlp.OtlpHttpMetricsSender.send(OtlpHttpMetricsSender.java:68) ~[micrometer-registry-otlp-1.17.0.jar:1.17.0]
	at io.micrometer.registry.otlp.OtlpMeterRegistry.publish(OtlpMeterRegistry.java:193) ~[micrometer-registry-otlp-1.17.0.jar:1.17.0]
	at io.micrometer.core.instrument.push.PushMeterRegistry.publishSafelyOrSkipIfInProgress(PushMeterRegistry.java:63) ~[micrometer-core-1.17.0.jar:1.17.0]
	at java.base/java.util.concurrent.Executors$RunnableAdapter.call(Executors.java:545) ~[na:na]
	at java.base/java.util.concurrent.FutureTask.runAndReset(FutureTask.java:369) ~[na:na]
	at java.base/java.util.concurrent.ScheduledThreadPoolExecutor$ScheduledFutureTask.run(ScheduledThreadPoolExecutor.java:310) ~[na:na]
	at java.base/java.util.concurrent.ThreadPoolExecutor.runWorker(ThreadPoolExecutor.java:1090) ~[na:na]
	at java.base/java.util.concurrent.ThreadPoolExecutor$Worker.run(ThreadPoolExecutor.java:614) ~[na:na]
	at java.base/java.lang.Thread.run(Thread.java:1474) ~[na:na]

2026-07-27T15:07:22.714-03:00  WARN 20164 --- [battleship-api] [trics-publisher] [battleship-api,,] i.m.registry.otlp.OtlpMeterRegistry      : Failed to publish metrics to OTLP receiver (context: url=http://localhost:4318/v1/metrics, resource-attributes={service.name=battleship-api})

io.micrometer.registry.otlp.OtlpHttpMetricsSender$OtlpHttpMetricsSendUnsuccessfulException: Server responded with HTTP status code 404 and body 404 page not found

	at io.micrometer.registry.otlp.OtlpHttpMetricsSender.send(OtlpHttpMetricsSender.java:68) ~[micrometer-registry-otlp-1.17.0.jar:1.17.0]
	at io.micrometer.registry.otlp.OtlpMeterRegistry.publish(OtlpMeterRegistry.java:193) ~[micrometer-registry-otlp-1.17.0.jar:1.17.0]
	at io.micrometer.core.instrument.push.PushMeterRegistry.publishSafelyOrSkipIfInProgress(PushMeterRegistry.java:63) ~[micrometer-core-1.17.0.jar:1.17.0]
	at java.base/java.util.concurrent.Executors$RunnableAdapter.call(Executors.java:545) ~[na:na]
	at java.base/java.util.concurrent.FutureTask.runAndReset(FutureTask.java:369) ~[na:na]
	at java.base/java.util.concurrent.ScheduledThreadPoolExecutor$ScheduledFutureTask.run(ScheduledThreadPoolExecutor.java:310) ~[na:na]
	at java.base/java.util.concurrent.ThreadPoolExecutor.runWorker(ThreadPoolExecutor.java:1090) ~[na:na]
	at java.base/java.util.concurrent.ThreadPoolExecutor$Worker.run(ThreadPoolExecutor.java:614) ~[na:na]
	at java.base/java.lang.Thread.run(Thread.java:1474) ~[na:na]

2026-07-27T15:08:22.719-03:00  WARN 20164 --- [battleship-api] [trics-publisher] [battleship-api,,] i.m.registry.otlp.OtlpMeterRegistry      : Failed to publish metrics to OTLP receiver (context: url=http://localhost:4318/v1/metrics, resource-attributes={service.name=battleship-api})

io.micrometer.registry.otlp.OtlpHttpMetricsSender$OtlpHttpMetricsSendUnsuccessfulException: Server responded with HTTP status code 404 and body 404 page not found

	at io.micrometer.registry.otlp.OtlpHttpMetricsSender.send(OtlpHttpMetricsSender.java:68) ~[micrometer-registry-otlp-1.17.0.jar:1.17.0]
	at io.micrometer.registry.otlp.OtlpMeterRegistry.publish(OtlpMeterRegistry.java:193) ~[micrometer-registry-otlp-1.17.0.jar:1.17.0]
	at io.micrometer.core.instrument.push.PushMeterRegistry.publishSafelyOrSkipIfInProgress(PushMeterRegistry.java:63) ~[micrometer-core-1.17.0.jar:1.17.0]
	at java.base/java.util.concurrent.Executors$RunnableAdapter.call(Executors.java:545) ~[na:na]
	at java.base/java.util.concurrent.FutureTask.runAndReset(FutureTask.java:369) ~[na:na]
	at java.base/java.util.concurrent.ScheduledThreadPoolExecutor$ScheduledFutureTask.run(ScheduledThreadPoolExecutor.java:310) ~[na:na]
	at java.base/java.util.concurrent.ThreadPoolExecutor.runWorker(ThreadPoolExecutor.java:1090) ~[na:na]
	at java.base/java.util.concurrent.ThreadPoolExecutor$Worker.run(ThreadPoolExecutor.java:614) ~[na:na]
	at java.base/java.lang.Thread.run(Thread.java:1474) ~[na:na]

2026-07-27T15:09:22.711-03:00  WARN 20164 --- [battleship-api] [trics-publisher] [battleship-api,,] i.m.registry.otlp.OtlpMeterRegistry      : Failed to publish metrics to OTLP receiver (context: url=http://localhost:4318/v1/metrics, resource-attributes={service.name=battleship-api})

io.micrometer.registry.otlp.OtlpHttpMetricsSender$OtlpHttpMetricsSendUnsuccessfulException: Server responded with HTTP status code 404 and body 404 page not found

	at io.micrometer.registry.otlp.OtlpHttpMetricsSender.send(OtlpHttpMetricsSender.java:68) ~[micrometer-registry-otlp-1.17.0.jar:1.17.0]
	at io.micrometer.registry.otlp.OtlpMeterRegistry.publish(OtlpMeterRegistry.java:193) ~[micrometer-registry-otlp-1.17.0.jar:1.17.0]
	at io.micrometer.core.instrument.push.PushMeterRegistry.publishSafelyOrSkipIfInProgress(PushMeterRegistry.java:63) ~[micrometer-core-1.17.0.jar:1.17.0]
	at java.base/java.util.concurrent.Executors$RunnableAdapter.call(Executors.java:545) ~[na:na]
	at java.base/java.util.concurrent.FutureTask.runAndReset(FutureTask.java:369) ~[na:na]
	at java.base/java.util.concurrent.ScheduledThreadPoolExecutor$ScheduledFutureTask.run(ScheduledThreadPoolExecutor.java:310) ~[na:na]
	at java.base/java.util.concurrent.ThreadPoolExecutor.runWorker(ThreadPoolExecutor.java:1090) ~[na:na]
	at java.base/java.util.concurrent.ThreadPoolExecutor$Worker.run(ThreadPoolExecutor.java:614) ~[na:na]
	at java.base/java.lang.Thread.run(Thread.java:1474) ~[na:na]

2026-07-27T15:10:22.712-03:00  WARN 20164 --- [battleship-api] [trics-publisher] [battleship-api,,] i.m.registry.otlp.OtlpMeterRegistry      : Failed to publish metrics to OTLP receiver (context: url=http://localhost:4318/v1/metrics, resource-attributes={service.name=battleship-api})

io.micrometer.registry.otlp.OtlpHttpMetricsSender$OtlpHttpMetricsSendUnsuccessfulException: Server responded with HTTP status code 404 and body 404 page not found

	at io.micrometer.registry.otlp.OtlpHttpMetricsSender.send(OtlpHttpMetricsSender.java:68) ~[micrometer-registry-otlp-1.17.0.jar:1.17.0]
	at io.micrometer.registry.otlp.OtlpMeterRegistry.publish(OtlpMeterRegistry.java:193) ~[micrometer-registry-otlp-1.17.0.jar:1.17.0]
	at io.micrometer.core.instrument.push.PushMeterRegistry.publishSafelyOrSkipIfInProgress(PushMeterRegistry.java:63) ~[micrometer-core-1.17.0.jar:1.17.0]
	at java.base/java.util.concurrent.Executors$RunnableAdapter.call(Executors.java:545) ~[na:na]
	at java.base/java.util.concurrent.FutureTask.runAndReset(FutureTask.java:369) ~[na:na]
	at java.base/java.util.concurrent.ScheduledThreadPoolExecutor$ScheduledFutureTask.run(ScheduledThreadPoolExecutor.java:310) ~[na:na]
	at java.base/java.util.concurrent.ThreadPoolExecutor.runWorker(ThreadPoolExecutor.java:1090) ~[na:na]
	at java.base/java.util.concurrent.ThreadPoolExecutor$Worker.run(ThreadPoolExecutor.java:614) ~[na:na]
	at java.base/java.lang.Thread.run(Thread.java:1474) ~[na:na]

2026-07-27T15:11:22.712-03:00  WARN 20164 --- [battleship-api] [trics-publisher] [battleship-api,,] i.m.registry.otlp.OtlpMeterRegistry      : Failed to publish metrics to OTLP receiver (context: url=http://localhost:4318/v1/metrics, resource-attributes={service.name=battleship-api})

io.micrometer.registry.otlp.OtlpHttpMetricsSender$OtlpHttpMetricsSendUnsuccessfulException: Server responded with HTTP status code 404 and body 404 page not found

	at io.micrometer.registry.otlp.OtlpHttpMetricsSender.send(OtlpHttpMetricsSender.java:68) ~[micrometer-registry-otlp-1.17.0.jar:1.17.0]
	at io.micrometer.registry.otlp.OtlpMeterRegistry.publish(OtlpMeterRegistry.java:193) ~[micrometer-registry-otlp-1.17.0.jar:1.17.0]
	at io.micrometer.core.instrument.push.PushMeterRegistry.publishSafelyOrSkipIfInProgress(PushMeterRegistry.java:63) ~[micrometer-core-1.17.0.jar:1.17.0]
	at java.base/java.util.concurrent.Executors$RunnableAdapter.call(Executors.java:545) ~[na:na]
	at java.base/java.util.concurrent.FutureTask.runAndReset(FutureTask.java:369) ~[na:na]
	at java.base/java.util.concurrent.ScheduledThreadPoolExecutor$ScheduledFutureTask.run(ScheduledThreadPoolExecutor.java:310) ~[na:na]
	at java.base/java.util.concurrent.ThreadPoolExecutor.runWorker(ThreadPoolExecutor.java:1090) ~[na:na]
	at java.base/java.util.concurrent.ThreadPoolExecutor$Worker.run(ThreadPoolExecutor.java:614) ~[na:na]
	at java.base/java.lang.Thread.run(Thread.java:1474) ~[na:na]

2026-07-27T15:12:19.046-03:00  INFO 20164 --- [battleship-api] [nio-8080-exec-1] [battleship-api,,] o.a.c.c.C.[Tomcat].[localhost].[/]       : Initializing Spring DispatcherServlet 'dispatcherServlet'
2026-07-27T15:12:19.047-03:00  INFO 20164 --- [battleship-api] [nio-8080-exec-1] [battleship-api,,] o.s.web.servlet.DispatcherServlet        : Initializing Servlet 'dispatcherServlet'
2026-07-27T15:12:19.049-03:00  INFO 20164 --- [battleship-api] [nio-8080-exec-1] [battleship-api,,] o.s.web.servlet.DispatcherServlet        : Completed initialization in 2 ms
2026-07-27T15:12:19.691-03:00  WARN 20164 --- [battleship-api] [oundedElastic-1] [battleship-api,,] b.d.r.h.DataRedisReactiveHealthIndicator : Redis health check failed

org.springframework.data.redis.RedisConnectionFailureException: Unable to connect to Redis
	at org.springframework.data.redis.connection.lettuce.LettuceConnectionFactory$ExceptionTranslatingConnectionProvider.translateException(LettuceConnectionFactory.java:1873) ~[spring-data-redis-4.1.0.jar:4.1.0]
	at org.springframework.data.redis.connection.lettuce.LettuceConnectionFactory$ExceptionTranslatingConnectionProvider.getConnection(LettuceConnectionFactory.java:1804) ~[spring-data-redis-4.1.0.jar:4.1.0]
	at org.springframework.data.redis.connection.lettuce.LettuceConnectionFactory$SharedConnection.getNativeConnection(LettuceConnectionFactory.java:1601) ~[spring-data-redis-4.1.0.jar:4.1.0]
	at org.springframework.data.redis.connection.lettuce.LettuceConnectionFactory$SharedConnection.lambda$getConnection$0(LettuceConnectionFactory.java:1581) ~[spring-data-redis-4.1.0.jar:4.1.0]
	at org.springframework.data.redis.connection.lettuce.LettuceConnectionFactory.doInLock(LettuceConnectionFactory.java:1542) ~[spring-data-redis-4.1.0.jar:4.1.0]
	at org.springframework.data.redis.connection.lettuce.LettuceConnectionFactory$SharedConnection.getConnection(LettuceConnectionFactory.java:1578) ~[spring-data-redis-4.1.0.jar:4.1.0]
	at org.springframework.data.redis.connection.lettuce.LettuceConnectionFactory.getSharedReactiveConnection(LettuceConnectionFactory.java:1283) ~[spring-data-redis-4.1.0.jar:4.1.0]
	at org.springframework.data.redis.connection.lettuce.LettuceConnectionFactory.getReactiveConnection(LettuceConnectionFactory.java:1153) ~[spring-data-redis-4.1.0.jar:4.1.0]
	at org.springframework.data.redis.connection.lettuce.LettuceConnectionFactory.getReactiveConnection(LettuceConnectionFactory.java:122) ~[spring-data-redis-4.1.0.jar:4.1.0]
	at reactor.core.publisher.MonoSupplier.call(MonoSupplier.java:63) ~[reactor-core-3.8.6.jar:3.8.6]
	at reactor.core.publisher.FluxSubscribeOnCallable$CallableSubscribeOnSubscription.run(FluxSubscribeOnCallable.java:228) ~[reactor-core-3.8.6.jar:3.8.6]
	at reactor.core.scheduler.SchedulerTask.call(SchedulerTask.java:72) ~[reactor-core-3.8.6.jar:3.8.6]
	at reactor.core.scheduler.SchedulerTask.call(SchedulerTask.java:28) ~[reactor-core-3.8.6.jar:3.8.6]
	at java.base/java.util.concurrent.FutureTask.run(FutureTask.java:328) ~[na:na]
	at java.base/java.util.concurrent.ScheduledThreadPoolExecutor$ScheduledFutureTask.run(ScheduledThreadPoolExecutor.java:309) ~[na:na]
	at java.base/java.util.concurrent.ThreadPoolExecutor.runWorker(ThreadPoolExecutor.java:1090) ~[na:na]
	at java.base/java.util.concurrent.ThreadPoolExecutor$Worker.run(ThreadPoolExecutor.java:614) ~[na:na]
	at java.base/java.lang.Thread.run(Thread.java:1474) ~[na:na]
Caused by: io.lettuce.core.RedisConnectionException: Unable to connect to localhost/<unresolved>:6379
	at io.lettuce.core.RedisConnectionException.create(RedisConnectionException.java:63) ~[lettuce-core-7.5.2.RELEASE.jar:7.5.2.RELEASE/5728917]
	at io.lettuce.core.RedisConnectionException.create(RedisConnectionException.java:41) ~[lettuce-core-7.5.2.RELEASE.jar:7.5.2.RELEASE/5728917]
	at io.lettuce.core.AbstractRedisClient.getConnection(AbstractRedisClient.java:315) ~[lettuce-core-7.5.2.RELEASE.jar:7.5.2.RELEASE/5728917]
	at io.lettuce.core.RedisClient.connect(RedisClient.java:220) ~[lettuce-core-7.5.2.RELEASE.jar:7.5.2.RELEASE/5728917]
	at org.springframework.data.redis.connection.lettuce.StandaloneConnectionProvider.lambda$getConnection$1(StandaloneConnectionProvider.java:113) ~[spring-data-redis-4.1.0.jar:4.1.0]
	at java.base/java.util.Optional.orElseGet(Optional.java:364) ~[na:na]
	at org.springframework.data.redis.connection.lettuce.StandaloneConnectionProvider.getConnection(StandaloneConnectionProvider.java:113) ~[spring-data-redis-4.1.0.jar:4.1.0]
	at org.springframework.data.redis.connection.lettuce.LettuceConnectionFactory$ExceptionTranslatingConnectionProvider.getConnection(LettuceConnectionFactory.java:1802) ~[spring-data-redis-4.1.0.jar:4.1.0]
	... 16 common frames omitted
Caused by: io.netty.channel.AbstractChannel$AnnotatedConnectException: Connection refused: getsockopt: localhost/127.0.0.1:6379
Caused by: java.net.ConnectException: Connection refused: getsockopt
	at java.base/sun.nio.ch.Net.pollConnect(Native Method) ~[na:na]
	at java.base/sun.nio.ch.Net.pollConnectNow(Net.java:639) ~[na:na]
	at java.base/sun.nio.ch.SocketChannelImpl.finishConnect(SocketChannelImpl.java:1046) ~[na:na]
	at io.netty.channel.socket.nio.NioSocketChannel.doFinishConnect(NioSocketChannel.java:330) ~[netty-transport-4.2.15.Final.jar:4.2.15.Final]
	at io.netty.channel.nio.AbstractNioChannel$AbstractNioUnsafe.finishConnect(AbstractNioChannel.java:384) ~[netty-transport-4.2.15.Final.jar:4.2.15.Final]
	at io.netty.channel.nio.AbstractNioChannel$AbstractNioUnsafe.handle(AbstractNioChannel.java:432) ~[netty-transport-4.2.15.Final.jar:4.2.15.Final]
	at io.netty.channel.nio.NioIoHandler$DefaultNioRegistration.handle(NioIoHandler.java:388) ~[netty-transport-4.2.15.Final.jar:4.2.15.Final]
	at io.netty.channel.nio.NioIoHandler.processSelectedKey(NioIoHandler.java:596) ~[netty-transport-4.2.15.Final.jar:4.2.15.Final]
	at io.netty.channel.nio.NioIoHandler.processSelectedKeysPlain(NioIoHandler.java:541) ~[netty-transport-4.2.15.Final.jar:4.2.15.Final]
	at io.netty.channel.nio.NioIoHandler.processSelectedKeys(NioIoHandler.java:514) ~[netty-transport-4.2.15.Final.jar:4.2.15.Final]
	at io.netty.channel.nio.NioIoHandler.run(NioIoHandler.java:484) ~[netty-transport-4.2.15.Final.jar:4.2.15.Final]
	at io.netty.channel.SingleThreadIoEventLoop.runIo(SingleThreadIoEventLoop.java:225) ~[netty-transport-4.2.15.Final.jar:4.2.15.Final]
	at io.netty.channel.SingleThreadIoEventLoop.run(SingleThreadIoEventLoop.java:196) ~[netty-transport-4.2.15.Final.jar:4.2.15.Final]
	at io.netty.util.concurrent.SingleThreadEventExecutor$5.run(SingleThreadEventExecutor.java:1195) ~[netty-common-4.2.15.Final.jar:4.2.15.Final]
	at io.netty.util.internal.ThreadExecutorMap$2.run(ThreadExecutorMap.java:74) ~[netty-common-4.2.15.Final.jar:4.2.15.Final]
	at io.netty.util.concurrent.FastThreadLocalRunnable.run(FastThreadLocalRunnable.java:30) ~[netty-common-4.2.15.Final.jar:4.2.15.Final]
	at java.base/java.lang.Thread.run(Thread.java:1474) ~[na:na]

2026-07-27T15:12:22.780-03:00  WARN 20164 --- [battleship-api] [trics-publisher] [battleship-api,,] i.m.registry.otlp.OtlpMeterRegistry      : Failed to publish metrics to OTLP receiver (context: url=http://localhost:4318/v1/metrics, resource-attributes={service.name=battleship-api})

io.micrometer.registry.otlp.OtlpHttpMetricsSender$OtlpHttpMetricsSendUnsuccessfulException: Server responded with HTTP status code 404 and body 404 page not found

	at io.micrometer.registry.otlp.OtlpHttpMetricsSender.send(OtlpHttpMetricsSender.java:68) ~[micrometer-registry-otlp-1.17.0.jar:1.17.0]
	at io.micrometer.registry.otlp.OtlpMeterRegistry.publish(OtlpMeterRegistry.java:193) ~[micrometer-registry-otlp-1.17.0.jar:1.17.0]
	at io.micrometer.core.instrument.push.PushMeterRegistry.publishSafelyOrSkipIfInProgress(PushMeterRegistry.java:63) ~[micrometer-core-1.17.0.jar:1.17.0]
	at java.base/java.util.concurrent.Executors$RunnableAdapter.call(Executors.java:545) ~[na:na]
	at java.base/java.util.concurrent.FutureTask.runAndReset(FutureTask.java:369) ~[na:na]
	at java.base/java.util.concurrent.ScheduledThreadPoolExecutor$ScheduledFutureTask.run(ScheduledThreadPoolExecutor.java:310) ~[na:na]
	at java.base/java.util.concurrent.ThreadPoolExecutor.runWorker(ThreadPoolExecutor.java:1090) ~[na:na]
	at java.base/java.util.concurrent.ThreadPoolExecutor$Worker.run(ThreadPoolExecutor.java:614) ~[na:na]
	at java.base/java.lang.Thread.run(Thread.java:1474) ~[na:na]

2026-07-27T15:13:22.717-03:00  WARN 20164 --- [battleship-api] [trics-publisher] [battleship-api,,] i.m.registry.otlp.OtlpMeterRegistry      : Failed to publish metrics to OTLP receiver (context: url=http://localhost:4318/v1/metrics, resource-attributes={service.name=battleship-api})

io.micrometer.registry.otlp.OtlpHttpMetricsSender$OtlpHttpMetricsSendUnsuccessfulException: Server responded with HTTP status code 404 and body 404 page not found

	at io.micrometer.registry.otlp.OtlpHttpMetricsSender.send(OtlpHttpMetricsSender.java:68) ~[micrometer-registry-otlp-1.17.0.jar:1.17.0]
	at io.micrometer.registry.otlp.OtlpMeterRegistry.publish(OtlpMeterRegistry.java:193) ~[micrometer-registry-otlp-1.17.0.jar:1.17.0]
	at io.micrometer.core.instrument.push.PushMeterRegistry.publishSafelyOrSkipIfInProgress(PushMeterRegistry.java:63) ~[micrometer-core-1.17.0.jar:1.17.0]
	at java.base/java.util.concurrent.Executors$RunnableAdapter.call(Executors.java:545) ~[na:na]
	at java.base/java.util.concurrent.FutureTask.runAndReset(FutureTask.java:369) ~[na:na]
	at java.base/java.util.concurrent.ScheduledThreadPoolExecutor$ScheduledFutureTask.run(ScheduledThreadPoolExecutor.java:310) ~[na:na]
	at java.base/java.util.concurrent.ThreadPoolExecutor.runWorker(ThreadPoolExecutor.java:1090) ~[na:na]
	at java.base/java.util.concurrent.ThreadPoolExecutor$Worker.run(ThreadPoolExecutor.java:614) ~[na:na]
	at java.base/java.lang.Thread.run(Thread.java:1474) ~[na:na]

2026-07-27T15:13:23.994-03:00  WARN 20164 --- [battleship-api] [oundedElastic-2] [battleship-api,,] b.d.r.h.DataRedisReactiveHealthIndicator : Redis health check failed

org.springframework.data.redis.RedisConnectionFailureException: Unable to connect to Redis
	at org.springframework.data.redis.connection.lettuce.LettuceConnectionFactory$ExceptionTranslatingConnectionProvider.translateException(LettuceConnectionFactory.java:1873) ~[spring-data-redis-4.1.0.jar:4.1.0]
	at org.springframework.data.redis.connection.lettuce.LettuceConnectionFactory$ExceptionTranslatingConnectionProvider.getConnection(LettuceConnectionFactory.java:1804) ~[spring-data-redis-4.1.0.jar:4.1.0]
	at org.springframework.data.redis.connection.lettuce.LettuceConnectionFactory$SharedConnection.getNativeConnection(LettuceConnectionFactory.java:1601) ~[spring-data-redis-4.1.0.jar:4.1.0]
	at org.springframework.data.redis.connection.lettuce.LettuceConnectionFactory$SharedConnection.lambda$getConnection$0(LettuceConnectionFactory.java:1581) ~[spring-data-redis-4.1.0.jar:4.1.0]
	at org.springframework.data.redis.connection.lettuce.LettuceConnectionFactory.doInLock(LettuceConnectionFactory.java:1542) ~[spring-data-redis-4.1.0.jar:4.1.0]
	at org.springframework.data.redis.connection.lettuce.LettuceConnectionFactory$SharedConnection.getConnection(LettuceConnectionFactory.java:1578) ~[spring-data-redis-4.1.0.jar:4.1.0]
	at org.springframework.data.redis.connection.lettuce.LettuceConnectionFactory.getSharedReactiveConnection(LettuceConnectionFactory.java:1283) ~[spring-data-redis-4.1.0.jar:4.1.0]
	at org.springframework.data.redis.connection.lettuce.LettuceConnectionFactory.getReactiveConnection(LettuceConnectionFactory.java:1153) ~[spring-data-redis-4.1.0.jar:4.1.0]
	at org.springframework.data.redis.connection.lettuce.LettuceConnectionFactory.getReactiveConnection(LettuceConnectionFactory.java:122) ~[spring-data-redis-4.1.0.jar:4.1.0]
	at reactor.core.publisher.MonoSupplier.call(MonoSupplier.java:63) ~[reactor-core-3.8.6.jar:3.8.6]
	at reactor.core.publisher.FluxSubscribeOnCallable$CallableSubscribeOnSubscription.run(FluxSubscribeOnCallable.java:228) ~[reactor-core-3.8.6.jar:3.8.6]
	at reactor.core.scheduler.SchedulerTask.call(SchedulerTask.java:72) ~[reactor-core-3.8.6.jar:3.8.6]
	at reactor.core.scheduler.SchedulerTask.call(SchedulerTask.java:28) ~[reactor-core-3.8.6.jar:3.8.6]
	at java.base/java.util.concurrent.FutureTask.run(FutureTask.java:328) ~[na:na]
	at java.base/java.util.concurrent.ScheduledThreadPoolExecutor$ScheduledFutureTask.run(ScheduledThreadPoolExecutor.java:309) ~[na:na]
	at java.base/java.util.concurrent.ThreadPoolExecutor.runWorker(ThreadPoolExecutor.java:1090) ~[na:na]
	at java.base/java.util.concurrent.ThreadPoolExecutor$Worker.run(ThreadPoolExecutor.java:614) ~[na:na]
	at java.base/java.lang.Thread.run(Thread.java:1474) ~[na:na]
Caused by: io.lettuce.core.RedisConnectionException: Unable to connect to localhost/<unresolved>:6379
	at io.lettuce.core.RedisConnectionException.create(RedisConnectionException.java:63) ~[lettuce-core-7.5.2.RELEASE.jar:7.5.2.RELEASE/5728917]
	at io.lettuce.core.RedisConnectionException.create(RedisConnectionException.java:41) ~[lettuce-core-7.5.2.RELEASE.jar:7.5.2.RELEASE/5728917]
	at io.lettuce.core.AbstractRedisClient.getConnection(AbstractRedisClient.java:315) ~[lettuce-core-7.5.2.RELEASE.jar:7.5.2.RELEASE/5728917]
	at io.lettuce.core.RedisClient.connect(RedisClient.java:220) ~[lettuce-core-7.5.2.RELEASE.jar:7.5.2.RELEASE/5728917]
	at org.springframework.data.redis.connection.lettuce.StandaloneConnectionProvider.lambda$getConnection$1(StandaloneConnectionProvider.java:113) ~[spring-data-redis-4.1.0.jar:4.1.0]
	at java.base/java.util.Optional.orElseGet(Optional.java:364) ~[na:na]
	at org.springframework.data.redis.connection.lettuce.StandaloneConnectionProvider.getConnection(StandaloneConnectionProvider.java:113) ~[spring-data-redis-4.1.0.jar:4.1.0]
	at org.springframework.data.redis.connection.lettuce.LettuceConnectionFactory$ExceptionTranslatingConnectionProvider.getConnection(LettuceConnectionFactory.java:1802) ~[spring-data-redis-4.1.0.jar:4.1.0]
	... 16 common frames omitted
Caused by: io.netty.channel.AbstractChannel$AnnotatedConnectException: Connection refused: getsockopt: localhost/127.0.0.1:6379
Caused by: java.net.ConnectException: Connection refused: getsockopt
	at java.base/sun.nio.ch.Net.pollConnect(Native Method) ~[na:na]
	at java.base/sun.nio.ch.Net.pollConnectNow(Net.java:639) ~[na:na]
	at java.base/sun.nio.ch.SocketChannelImpl.finishConnect(SocketChannelImpl.java:1046) ~[na:na]
	at io.netty.channel.socket.nio.NioSocketChannel.doFinishConnect(NioSocketChannel.java:330) ~[netty-transport-4.2.15.Final.jar:4.2.15.Final]
	at io.netty.channel.nio.AbstractNioChannel$AbstractNioUnsafe.finishConnect(AbstractNioChannel.java:384) ~[netty-transport-4.2.15.Final.jar:4.2.15.Final]
	at io.netty.channel.nio.AbstractNioChannel$AbstractNioUnsafe.handle(AbstractNioChannel.java:432) ~[netty-transport-4.2.15.Final.jar:4.2.15.Final]
	at io.netty.channel.nio.NioIoHandler$DefaultNioRegistration.handle(NioIoHandler.java:388) ~[netty-transport-4.2.15.Final.jar:4.2.15.Final]
	at io.netty.channel.nio.NioIoHandler.processSelectedKey(NioIoHandler.java:596) ~[netty-transport-4.2.15.Final.jar:4.2.15.Final]
	at io.netty.channel.nio.NioIoHandler.processSelectedKeysPlain(NioIoHandler.java:541) ~[netty-transport-4.2.15.Final.jar:4.2.15.Final]
	at io.netty.channel.nio.NioIoHandler.processSelectedKeys(NioIoHandler.java:514) ~[netty-transport-4.2.15.Final.jar:4.2.15.Final]
	at io.netty.channel.nio.NioIoHandler.run(NioIoHandler.java:484) ~[netty-transport-4.2.15.Final.jar:4.2.15.Final]
	at io.netty.channel.SingleThreadIoEventLoop.runIo(SingleThreadIoEventLoop.java:225) ~[netty-transport-4.2.15.Final.jar:4.2.15.Final]
	at io.netty.channel.SingleThreadIoEventLoop.run(SingleThreadIoEventLoop.java:196) ~[netty-transport-4.2.15.Final.jar:4.2.15.Final]
	at io.netty.util.concurrent.SingleThreadEventExecutor$5.run(SingleThreadEventExecutor.java:1195) ~[netty-common-4.2.15.Final.jar:4.2.15.Final]
	at io.netty.util.internal.ThreadExecutorMap$2.run(ThreadExecutorMap.java:74) ~[netty-common-4.2.15.Final.jar:4.2.15.Final]
	at io.netty.util.concurrent.FastThreadLocalRunnable.run(FastThreadLocalRunnable.java:30) ~[netty-common-4.2.15.Final.jar:4.2.15.Final]
	at java.base/java.lang.Thread.run(Thread.java:1474) ~[na:na]

2026-07-27T15:14:22.712-03:00  WARN 20164 --- [battleship-api] [trics-publisher] [battleship-api,,] i.m.registry.otlp.OtlpMeterRegistry      : Failed to publish metrics to OTLP receiver (context: url=http://localhost:4318/v1/metrics, resource-attributes={service.name=battleship-api})

io.micrometer.registry.otlp.OtlpHttpMetricsSender$OtlpHttpMetricsSendUnsuccessfulException: Server responded with HTTP status code 404 and body 404 page not found

	at io.micrometer.registry.otlp.OtlpHttpMetricsSender.send(OtlpHttpMetricsSender.java:68) ~[micrometer-registry-otlp-1.17.0.jar:1.17.0]
	at io.micrometer.registry.otlp.OtlpMeterRegistry.publish(OtlpMeterRegistry.java:193) ~[micrometer-registry-otlp-1.17.0.jar:1.17.0]
	at io.micrometer.core.instrument.push.PushMeterRegistry.publishSafelyOrSkipIfInProgress(PushMeterRegistry.java:63) ~[micrometer-core-1.17.0.jar:1.17.0]
	at java.base/java.util.concurrent.Executors$RunnableAdapter.call(Executors.java:545) ~[na:na]
	at java.base/java.util.concurrent.FutureTask.runAndReset(FutureTask.java:369) ~[na:na]
	at java.base/java.util.concurrent.ScheduledThreadPoolExecutor$ScheduledFutureTask.run(ScheduledThreadPoolExecutor.java:310) ~[na:na]
	at java.base/java.util.concurrent.ThreadPoolExecutor.runWorker(ThreadPoolExecutor.java:1090) ~[na:na]
	at java.base/java.util.concurrent.ThreadPoolExecutor$Worker.run(ThreadPoolExecutor.java:614) ~[na:na]
	at java.base/java.lang.Thread.run(Thread.java:1474) ~[na:na]

2026-07-27T15:15:22.722-03:00  WARN 20164 --- [battleship-api] [trics-publisher] [battleship-api,,] i.m.registry.otlp.OtlpMeterRegistry      : Failed to publish metrics to OTLP receiver (context: url=http://localhost:4318/v1/metrics, resource-attributes={service.name=battleship-api})

io.micrometer.registry.otlp.OtlpHttpMetricsSender$OtlpHttpMetricsSendUnsuccessfulException: Server responded with HTTP status code 404 and body 404 page not found

	at io.micrometer.registry.otlp.OtlpHttpMetricsSender.send(OtlpHttpMetricsSender.java:68) ~[micrometer-registry-otlp-1.17.0.jar:1.17.0]
	at io.micrometer.registry.otlp.OtlpMeterRegistry.publish(OtlpMeterRegistry.java:193) ~[micrometer-registry-otlp-1.17.0.jar:1.17.0]
	at io.micrometer.core.instrument.push.PushMeterRegistry.publishSafelyOrSkipIfInProgress(PushMeterRegistry.java:63) ~[micrometer-core-1.17.0.jar:1.17.0]
	at java.base/java.util.concurrent.Executors$RunnableAdapter.call(Executors.java:545) ~[na:na]
	at java.base/java.util.concurrent.FutureTask.runAndReset(FutureTask.java:369) ~[na:na]
	at java.base/java.util.concurrent.ScheduledThreadPoolExecutor$ScheduledFutureTask.run(ScheduledThreadPoolExecutor.java:310) ~[na:na]
	at java.base/java.util.concurrent.ThreadPoolExecutor.runWorker(ThreadPoolExecutor.java:1090) ~[na:na]
	at java.base/java.util.concurrent.ThreadPoolExecutor$Worker.run(ThreadPoolExecutor.java:614) ~[na:na]
	at java.base/java.lang.Thread.run(Thread.java:1474) ~[na:na]

2026-07-27T15:16:22.716-03:00  WARN 20164 --- [battleship-api] [trics-publisher] [battleship-api,,] i.m.registry.otlp.OtlpMeterRegistry      : Failed to publish metrics to OTLP receiver (context: url=http://localhost:4318/v1/metrics, resource-attributes={service.name=battleship-api})

io.micrometer.registry.otlp.OtlpHttpMetricsSender$OtlpHttpMetricsSendUnsuccessfulException: Server responded with HTTP status code 404 and body 404 page not found

	at io.micrometer.registry.otlp.OtlpHttpMetricsSender.send(OtlpHttpMetricsSender.java:68) ~[micrometer-registry-otlp-1.17.0.jar:1.17.0]
	at io.micrometer.registry.otlp.OtlpMeterRegistry.publish(OtlpMeterRegistry.java:193) ~[micrometer-registry-otlp-1.17.0.jar:1.17.0]
	at io.micrometer.core.instrument.push.PushMeterRegistry.publishSafelyOrSkipIfInProgress(PushMeterRegistry.java:63) ~[micrometer-core-1.17.0.jar:1.17.0]
	at java.base/java.util.concurrent.Executors$RunnableAdapter.call(Executors.java:545) ~[na:na]
	at java.base/java.util.concurrent.FutureTask.runAndReset(FutureTask.java:369) ~[na:na]
	at java.base/java.util.concurrent.ScheduledThreadPoolExecutor$ScheduledFutureTask.run(ScheduledThreadPoolExecutor.java:310) ~[na:na]
	at java.base/java.util.concurrent.ThreadPoolExecutor.runWorker(ThreadPoolExecutor.java:1090) ~[na:na]
	at java.base/java.util.concurrent.ThreadPoolExecutor$Worker.run(ThreadPoolExecutor.java:614) ~[na:na]
	at java.base/java.lang.Thread.run(Thread.java:1474) ~[na:na]

2026-07-27T15:17:22.705-03:00  WARN 20164 --- [battleship-api] [trics-publisher] [battleship-api,,] i.m.registry.otlp.OtlpMeterRegistry      : Failed to publish metrics to OTLP receiver (context: url=http://localhost:4318/v1/metrics, resource-attributes={service.name=battleship-api})

io.micrometer.registry.otlp.OtlpHttpMetricsSender$OtlpHttpMetricsSendUnsuccessfulException: Server responded with HTTP status code 404 and body 404 page not found

	at io.micrometer.registry.otlp.OtlpHttpMetricsSender.send(OtlpHttpMetricsSender.java:68) ~[micrometer-registry-otlp-1.17.0.jar:1.17.0]
	at io.micrometer.registry.otlp.OtlpMeterRegistry.publish(OtlpMeterRegistry.java:193) ~[micrometer-registry-otlp-1.17.0.jar:1.17.0]
	at io.micrometer.core.instrument.push.PushMeterRegistry.publishSafelyOrSkipIfInProgress(PushMeterRegistry.java:63) ~[micrometer-core-1.17.0.jar:1.17.0]
	at java.base/java.util.concurrent.Executors$RunnableAdapter.call(Executors.java:545) ~[na:na]
	at java.base/java.util.concurrent.FutureTask.runAndReset(FutureTask.java:369) ~[na:na]
	at java.base/java.util.concurrent.ScheduledThreadPoolExecutor$ScheduledFutureTask.run(ScheduledThreadPoolExecutor.java:310) ~[na:na]
	at java.base/java.util.concurrent.ThreadPoolExecutor.runWorker(ThreadPoolExecutor.java:1090) ~[na:na]
	at java.base/java.util.concurrent.ThreadPoolExecutor$Worker.run(ThreadPoolExecutor.java:614) ~[na:na]
	at java.base/java.lang.Thread.run(Thread.java:1474) ~[na:na]

2026-07-27T15:18:22.715-03:00  WARN 20164 --- [battleship-api] [trics-publisher] [battleship-api,,] i.m.registry.otlp.OtlpMeterRegistry      : Failed to publish metrics to OTLP receiver (context: url=http://localhost:4318/v1/metrics, resource-attributes={service.name=battleship-api})

io.micrometer.registry.otlp.OtlpHttpMetricsSender$OtlpHttpMetricsSendUnsuccessfulException: Server responded with HTTP status code 404 and body 404 page not found

	at io.micrometer.registry.otlp.OtlpHttpMetricsSender.send(OtlpHttpMetricsSender.java:68) ~[micrometer-registry-otlp-1.17.0.jar:1.17.0]
	at io.micrometer.registry.otlp.OtlpMeterRegistry.publish(OtlpMeterRegistry.java:193) ~[micrometer-registry-otlp-1.17.0.jar:1.17.0]
	at io.micrometer.core.instrument.push.PushMeterRegistry.publishSafelyOrSkipIfInProgress(PushMeterRegistry.java:63) ~[micrometer-core-1.17.0.jar:1.17.0]
	at java.base/java.util.concurrent.Executors$RunnableAdapter.call(Executors.java:545) ~[na:na]
	at java.base/java.util.concurrent.FutureTask.runAndReset(FutureTask.java:369) ~[na:na]
	at java.base/java.util.concurrent.ScheduledThreadPoolExecutor$ScheduledFutureTask.run(ScheduledThreadPoolExecutor.java:310) ~[na:na]
	at java.base/java.util.concurrent.ThreadPoolExecutor.runWorker(ThreadPoolExecutor.java:1090) ~[na:na]
	at java.base/java.util.concurrent.ThreadPoolExecutor$Worker.run(ThreadPoolExecutor.java:614) ~[na:na]
	at java.base/java.lang.Thread.run(Thread.java:1474) ~[na:na]

2026-07-27T15:19:22.709-03:00  WARN 20164 --- [battleship-api] [trics-publisher] [battleship-api,,] i.m.registry.otlp.OtlpMeterRegistry      : Failed to publish metrics to OTLP receiver (context: url=http://localhost:4318/v1/metrics, resource-attributes={service.name=battleship-api})

io.micrometer.registry.otlp.OtlpHttpMetricsSender$OtlpHttpMetricsSendUnsuccessfulException: Server responded with HTTP status code 404 and body 404 page not found

	at io.micrometer.registry.otlp.OtlpHttpMetricsSender.send(OtlpHttpMetricsSender.java:68) ~[micrometer-registry-otlp-1.17.0.jar:1.17.0]
	at io.micrometer.registry.otlp.OtlpMeterRegistry.publish(OtlpMeterRegistry.java:193) ~[micrometer-registry-otlp-1.17.0.jar:1.17.0]
	at io.micrometer.core.instrument.push.PushMeterRegistry.publishSafelyOrSkipIfInProgress(PushMeterRegistry.java:63) ~[micrometer-core-1.17.0.jar:1.17.0]
	at java.base/java.util.concurrent.Executors$RunnableAdapter.call(Executors.java:545) ~[na:na]
	at java.base/java.util.concurrent.FutureTask.runAndReset(FutureTask.java:369) ~[na:na]
	at java.base/java.util.concurrent.ScheduledThreadPoolExecutor$ScheduledFutureTask.run(ScheduledThreadPoolExecutor.java:310) ~[na:na]
	at java.base/java.util.concurrent.ThreadPoolExecutor.runWorker(ThreadPoolExecutor.java:1090) ~[na:na]
	at java.base/java.util.concurrent.ThreadPoolExecutor$Worker.run(ThreadPoolExecutor.java:614) ~[na:na]
	at java.base/java.lang.Thread.run(Thread.java:1474) ~[na:na]

2026-07-27T15:20:22.730-03:00  WARN 20164 --- [battleship-api] [trics-publisher] [battleship-api,,] i.m.registry.otlp.OtlpMeterRegistry      : Failed to publish metrics to OTLP receiver (context: url=http://localhost:4318/v1/metrics, resource-attributes={service.name=battleship-api})

io.micrometer.registry.otlp.OtlpHttpMetricsSender$OtlpHttpMetricsSendUnsuccessfulException: Server responded with HTTP status code 404 and body 404 page not found

	at io.micrometer.registry.otlp.OtlpHttpMetricsSender.send(OtlpHttpMetricsSender.java:68) ~[micrometer-registry-otlp-1.17.0.jar:1.17.0]
	at io.micrometer.registry.otlp.OtlpMeterRegistry.publish(OtlpMeterRegistry.java:193) ~[micrometer-registry-otlp-1.17.0.jar:1.17.0]
	at io.micrometer.core.instrument.push.PushMeterRegistry.publishSafelyOrSkipIfInProgress(PushMeterRegistry.java:63) ~[micrometer-core-1.17.0.jar:1.17.0]
	at java.base/java.util.concurrent.Executors$RunnableAdapter.call(Executors.java:545) ~[na:na]
	at java.base/java.util.concurrent.FutureTask.runAndReset(FutureTask.java:369) ~[na:na]
	at java.base/java.util.concurrent.ScheduledThreadPoolExecutor$ScheduledFutureTask.run(ScheduledThreadPoolExecutor.java:310) ~[na:na]
	at java.base/java.util.concurrent.ThreadPoolExecutor.runWorker(ThreadPoolExecutor.java:1090) ~[na:na]
	at java.base/java.util.concurrent.ThreadPoolExecutor$Worker.run(ThreadPoolExecutor.java:614) ~[na:na]
	at java.base/java.lang.Thread.run(Thread.java:1474) ~[na:na]

2026-07-27T15:21:22.709-03:00  WARN 20164 --- [battleship-api] [trics-publisher] [battleship-api,,] i.m.registry.otlp.OtlpMeterRegistry      : Failed to publish metrics to OTLP receiver (context: url=http://localhost:4318/v1/metrics, resource-attributes={service.name=battleship-api})

io.micrometer.registry.otlp.OtlpHttpMetricsSender$OtlpHttpMetricsSendUnsuccessfulException: Server responded with HTTP status code 404 and body 404 page not found

	at io.micrometer.registry.otlp.OtlpHttpMetricsSender.send(OtlpHttpMetricsSender.java:68) ~[micrometer-registry-otlp-1.17.0.jar:1.17.0]
	at io.micrometer.registry.otlp.OtlpMeterRegistry.publish(OtlpMeterRegistry.java:193) ~[micrometer-registry-otlp-1.17.0.jar:1.17.0]
	at io.micrometer.core.instrument.push.PushMeterRegistry.publishSafelyOrSkipIfInProgress(PushMeterRegistry.java:63) ~[micrometer-core-1.17.0.jar:1.17.0]
	at java.base/java.util.concurrent.Executors$RunnableAdapter.call(Executors.java:545) ~[na:na]
	at java.base/java.util.concurrent.FutureTask.runAndReset(FutureTask.java:369) ~[na:na]
	at java.base/java.util.concurrent.ScheduledThreadPoolExecutor$ScheduledFutureTask.run(ScheduledThreadPoolExecutor.java:310) ~[na:na]
	at java.base/java.util.concurrent.ThreadPoolExecutor.runWorker(ThreadPoolExecutor.java:1090) ~[na:na]
	at java.base/java.util.concurrent.ThreadPoolExecutor$Worker.run(ThreadPoolExecutor.java:614) ~[na:na]
	at java.base/java.lang.Thread.run(Thread.java:1474) ~[na:na]

2026-07-27T15:22:22.697-03:00  WARN 20164 --- [battleship-api] [trics-publisher] [battleship-api,,] i.m.registry.otlp.OtlpMeterRegistry      : Failed to publish metrics to OTLP receiver (context: url=http://localhost:4318/v1/metrics, resource-attributes={service.name=battleship-api})

io.micrometer.registry.otlp.OtlpHttpMetricsSender$OtlpHttpMetricsSendUnsuccessfulException: Server responded with HTTP status code 404 and body 404 page not found

	at io.micrometer.registry.otlp.OtlpHttpMetricsSender.send(OtlpHttpMetricsSender.java:68) ~[micrometer-registry-otlp-1.17.0.jar:1.17.0]
	at io.micrometer.registry.otlp.OtlpMeterRegistry.publish(OtlpMeterRegistry.java:193) ~[micrometer-registry-otlp-1.17.0.jar:1.17.0]
	at io.micrometer.core.instrument.push.PushMeterRegistry.publishSafelyOrSkipIfInProgress(PushMeterRegistry.java:63) ~[micrometer-core-1.17.0.jar:1.17.0]
	at java.base/java.util.concurrent.Executors$RunnableAdapter.call(Executors.java:545) ~[na:na]
	at java.base/java.util.concurrent.FutureTask.runAndReset(FutureTask.java:369) ~[na:na]
	at java.base/java.util.concurrent.ScheduledThreadPoolExecutor$ScheduledFutureTask.run(ScheduledThreadPoolExecutor.java:310) ~[na:na]
	at java.base/java.util.concurrent.ThreadPoolExecutor.runWorker(ThreadPoolExecutor.java:1090) ~[na:na]
	at java.base/java.util.concurrent.ThreadPoolExecutor$Worker.run(ThreadPoolExecutor.java:614) ~[na:na]
	at java.base/java.lang.Thread.run(Thread.java:1474) ~[na:na]

2026-07-27T15:23:22.719-03:00  WARN 20164 --- [battleship-api] [trics-publisher] [battleship-api,,] i.m.registry.otlp.OtlpMeterRegistry      : Failed to publish metrics to OTLP receiver (context: url=http://localhost:4318/v1/metrics, resource-attributes={service.name=battleship-api})

io.micrometer.registry.otlp.OtlpHttpMetricsSender$OtlpHttpMetricsSendUnsuccessfulException: Server responded with HTTP status code 404 and body 404 page not found

	at io.micrometer.registry.otlp.OtlpHttpMetricsSender.send(OtlpHttpMetricsSender.java:68) ~[micrometer-registry-otlp-1.17.0.jar:1.17.0]
	at io.micrometer.registry.otlp.OtlpMeterRegistry.publish(OtlpMeterRegistry.java:193) ~[micrometer-registry-otlp-1.17.0.jar:1.17.0]
	at io.micrometer.core.instrument.push.PushMeterRegistry.publishSafelyOrSkipIfInProgress(PushMeterRegistry.java:63) ~[micrometer-core-1.17.0.jar:1.17.0]
	at java.base/java.util.concurrent.Executors$RunnableAdapter.call(Executors.java:545) ~[na:na]
	at java.base/java.util.concurrent.FutureTask.runAndReset(FutureTask.java:369) ~[na:na]
	at java.base/java.util.concurrent.ScheduledThreadPoolExecutor$ScheduledFutureTask.run(ScheduledThreadPoolExecutor.java:310) ~[na:na]
	at java.base/java.util.concurrent.ThreadPoolExecutor.runWorker(ThreadPoolExecutor.java:1090) ~[na:na]
	at java.base/java.util.concurrent.ThreadPoolExecutor$Worker.run(ThreadPoolExecutor.java:614) ~[na:na]
	at java.base/java.lang.Thread.run(Thread.java:1474) ~[na:na]

2026-07-27T15:24:22.721-03:00  WARN 20164 --- [battleship-api] [trics-publisher] [battleship-api,,] i.m.registry.otlp.OtlpMeterRegistry      : Failed to publish metrics to OTLP receiver (context: url=http://localhost:4318/v1/metrics, resource-attributes={service.name=battleship-api})

io.micrometer.registry.otlp.OtlpHttpMetricsSender$OtlpHttpMetricsSendUnsuccessfulException: Server responded with HTTP status code 404 and body 404 page not found

	at io.micrometer.registry.otlp.OtlpHttpMetricsSender.send(OtlpHttpMetricsSender.java:68) ~[micrometer-registry-otlp-1.17.0.jar:1.17.0]
	at io.micrometer.registry.otlp.OtlpMeterRegistry.publish(OtlpMeterRegistry.java:193) ~[micrometer-registry-otlp-1.17.0.jar:1.17.0]
	at io.micrometer.core.instrument.push.PushMeterRegistry.publishSafelyOrSkipIfInProgress(PushMeterRegistry.java:63) ~[micrometer-core-1.17.0.jar:1.17.0]
	at java.base/java.util.concurrent.Executors$RunnableAdapter.call(Executors.java:545) ~[na:na]
	at java.base/java.util.concurrent.FutureTask.runAndReset(FutureTask.java:369) ~[na:na]
	at java.base/java.util.concurrent.ScheduledThreadPoolExecutor$ScheduledFutureTask.run(ScheduledThreadPoolExecutor.java:310) ~[na:na]
	at java.base/java.util.concurrent.ThreadPoolExecutor.runWorker(ThreadPoolExecutor.java:1090) ~[na:na]
	at java.base/java.util.concurrent.ThreadPoolExecutor$Worker.run(ThreadPoolExecutor.java:614) ~[na:na]
	at java.base/java.lang.Thread.run(Thread.java:1474) ~[na:na]

2026-07-27T15:25:22.707-03:00  WARN 20164 --- [battleship-api] [trics-publisher] [battleship-api,,] i.m.registry.otlp.OtlpMeterRegistry      : Failed to publish metrics to OTLP receiver (context: url=http://localhost:4318/v1/metrics, resource-attributes={service.name=battleship-api})

io.micrometer.registry.otlp.OtlpHttpMetricsSender$OtlpHttpMetricsSendUnsuccessfulException: Server responded with HTTP status code 404 and body 404 page not found

	at io.micrometer.registry.otlp.OtlpHttpMetricsSender.send(OtlpHttpMetricsSender.java:68) ~[micrometer-registry-otlp-1.17.0.jar:1.17.0]
	at io.micrometer.registry.otlp.OtlpMeterRegistry.publish(OtlpMeterRegistry.java:193) ~[micrometer-registry-otlp-1.17.0.jar:1.17.0]
	at io.micrometer.core.instrument.push.PushMeterRegistry.publishSafelyOrSkipIfInProgress(PushMeterRegistry.java:63) ~[micrometer-core-1.17.0.jar:1.17.0]
	at java.base/java.util.concurrent.Executors$RunnableAdapter.call(Executors.java:545) ~[na:na]
	at java.base/java.util.concurrent.FutureTask.runAndReset(FutureTask.java:369) ~[na:na]
	at java.base/java.util.concurrent.ScheduledThreadPoolExecutor$ScheduledFutureTask.run(ScheduledThreadPoolExecutor.java:310) ~[na:na]
	at java.base/java.util.concurrent.ThreadPoolExecutor.runWorker(ThreadPoolExecutor.java:1090) ~[na:na]
	at java.base/java.util.concurrent.ThreadPoolExecutor$Worker.run(ThreadPoolExecutor.java:614) ~[na:na]
	at java.base/java.lang.Thread.run(Thread.java:1474) ~[na:na]

2026-07-27T15:26:22.714-03:00  WARN 20164 --- [battleship-api] [trics-publisher] [battleship-api,,] i.m.registry.otlp.OtlpMeterRegistry      : Failed to publish metrics to OTLP receiver (context: url=http://localhost:4318/v1/metrics, resource-attributes={service.name=battleship-api})

io.micrometer.registry.otlp.OtlpHttpMetricsSender$OtlpHttpMetricsSendUnsuccessfulException: Server responded with HTTP status code 404 and body 404 page not found

	at io.micrometer.registry.otlp.OtlpHttpMetricsSender.send(OtlpHttpMetricsSender.java:68) ~[micrometer-registry-otlp-1.17.0.jar:1.17.0]
	at io.micrometer.registry.otlp.OtlpMeterRegistry.publish(OtlpMeterRegistry.java:193) ~[micrometer-registry-otlp-1.17.0.jar:1.17.0]
	at io.micrometer.core.instrument.push.PushMeterRegistry.publishSafelyOrSkipIfInProgress(PushMeterRegistry.java:63) ~[micrometer-core-1.17.0.jar:1.17.0]
	at java.base/java.util.concurrent.Executors$RunnableAdapter.call(Executors.java:545) ~[na:na]
	at java.base/java.util.concurrent.FutureTask.runAndReset(FutureTask.java:369) ~[na:na]
	at java.base/java.util.concurrent.ScheduledThreadPoolExecutor$ScheduledFutureTask.run(ScheduledThreadPoolExecutor.java:310) ~[na:na]
	at java.base/java.util.concurrent.ThreadPoolExecutor.runWorker(ThreadPoolExecutor.java:1090) ~[na:na]
	at java.base/java.util.concurrent.ThreadPoolExecutor$Worker.run(ThreadPoolExecutor.java:614) ~[na:na]
	at java.base/java.lang.Thread.run(Thread.java:1474) ~[na:na]

2026-07-27T15:27:22.705-03:00  WARN 20164 --- [battleship-api] [trics-publisher] [battleship-api,,] i.m.registry.otlp.OtlpMeterRegistry      : Failed to publish metrics to OTLP receiver (context: url=http://localhost:4318/v1/metrics, resource-attributes={service.name=battleship-api})

io.micrometer.registry.otlp.OtlpHttpMetricsSender$OtlpHttpMetricsSendUnsuccessfulException: Server responded with HTTP status code 404 and body 404 page not found

	at io.micrometer.registry.otlp.OtlpHttpMetricsSender.send(OtlpHttpMetricsSender.java:68) ~[micrometer-registry-otlp-1.17.0.jar:1.17.0]
	at io.micrometer.registry.otlp.OtlpMeterRegistry.publish(OtlpMeterRegistry.java:193) ~[micrometer-registry-otlp-1.17.0.jar:1.17.0]
	at io.micrometer.core.instrument.push.PushMeterRegistry.publishSafelyOrSkipIfInProgress(PushMeterRegistry.java:63) ~[micrometer-core-1.17.0.jar:1.17.0]
	at java.base/java.util.concurrent.Executors$RunnableAdapter.call(Executors.java:545) ~[na:na]
	at java.base/java.util.concurrent.FutureTask.runAndReset(FutureTask.java:369) ~[na:na]
	at java.base/java.util.concurrent.ScheduledThreadPoolExecutor$ScheduledFutureTask.run(ScheduledThreadPoolExecutor.java:310) ~[na:na]
	at java.base/java.util.concurrent.ThreadPoolExecutor.runWorker(ThreadPoolExecutor.java:1090) ~[na:na]
	at java.base/java.util.concurrent.ThreadPoolExecutor$Worker.run(ThreadPoolExecutor.java:614) ~[na:na]
	at java.base/java.lang.Thread.run(Thread.java:1474) ~[na:na]

2026-07-27T15:28:22.698-03:00  WARN 20164 --- [battleship-api] [trics-publisher] [battleship-api,,] i.m.registry.otlp.OtlpMeterRegistry      : Failed to publish metrics to OTLP receiver (context: url=http://localhost:4318/v1/metrics, resource-attributes={service.name=battleship-api})

io.micrometer.registry.otlp.OtlpHttpMetricsSender$OtlpHttpMetricsSendUnsuccessfulException: Server responded with HTTP status code 404 and body 404 page not found

	at io.micrometer.registry.otlp.OtlpHttpMetricsSender.send(OtlpHttpMetricsSender.java:68) ~[micrometer-registry-otlp-1.17.0.jar:1.17.0]
	at io.micrometer.registry.otlp.OtlpMeterRegistry.publish(OtlpMeterRegistry.java:193) ~[micrometer-registry-otlp-1.17.0.jar:1.17.0]
	at io.micrometer.core.instrument.push.PushMeterRegistry.publishSafelyOrSkipIfInProgress(PushMeterRegistry.java:63) ~[micrometer-core-1.17.0.jar:1.17.0]
	at java.base/java.util.concurrent.Executors$RunnableAdapter.call(Executors.java:545) ~[na:na]
	at java.base/java.util.concurrent.FutureTask.runAndReset(FutureTask.java:369) ~[na:na]
	at java.base/java.util.concurrent.ScheduledThreadPoolExecutor$ScheduledFutureTask.run(ScheduledThreadPoolExecutor.java:310) ~[na:na]
	at java.base/java.util.concurrent.ThreadPoolExecutor.runWorker(ThreadPoolExecutor.java:1090) ~[na:na]
	at java.base/java.util.concurrent.ThreadPoolExecutor$Worker.run(ThreadPoolExecutor.java:614) ~[na:na]
	at java.base/java.lang.Thread.run(Thread.java:1474) ~[na:na]

2026-07-27T15:29:22.697-03:00  WARN 20164 --- [battleship-api] [trics-publisher] [battleship-api,,] i.m.registry.otlp.OtlpMeterRegistry      : Failed to publish metrics to OTLP receiver (context: url=http://localhost:4318/v1/metrics, resource-attributes={service.name=battleship-api})

io.micrometer.registry.otlp.OtlpHttpMetricsSender$OtlpHttpMetricsSendUnsuccessfulException: Server responded with HTTP status code 404 and body 404 page not found

	at io.micrometer.registry.otlp.OtlpHttpMetricsSender.send(OtlpHttpMetricsSender.java:68) ~[micrometer-registry-otlp-1.17.0.jar:1.17.0]
	at io.micrometer.registry.otlp.OtlpMeterRegistry.publish(OtlpMeterRegistry.java:193) ~[micrometer-registry-otlp-1.17.0.jar:1.17.0]
	at io.micrometer.core.instrument.push.PushMeterRegistry.publishSafelyOrSkipIfInProgress(PushMeterRegistry.java:63) ~[micrometer-core-1.17.0.jar:1.17.0]
	at java.base/java.util.concurrent.Executors$RunnableAdapter.call(Executors.java:545) ~[na:na]
	at java.base/java.util.concurrent.FutureTask.runAndReset(FutureTask.java:369) ~[na:na]
	at java.base/java.util.concurrent.ScheduledThreadPoolExecutor$ScheduledFutureTask.run(ScheduledThreadPoolExecutor.java:310) ~[na:na]
	at java.base/java.util.concurrent.ThreadPoolExecutor.runWorker(ThreadPoolExecutor.java:1090) ~[na:na]
	at java.base/java.util.concurrent.ThreadPoolExecutor$Worker.run(ThreadPoolExecutor.java:614) ~[na:na]
	at java.base/java.lang.Thread.run(Thread.java:1474) ~[na:na]

2026-07-27T15:30:22.695-03:00  WARN 20164 --- [battleship-api] [trics-publisher] [battleship-api,,] i.m.registry.otlp.OtlpMeterRegistry      : Failed to publish metrics to OTLP receiver (context: url=http://localhost:4318/v1/metrics, resource-attributes={service.name=battleship-api})

io.micrometer.registry.otlp.OtlpHttpMetricsSender$OtlpHttpMetricsSendUnsuccessfulException: Server responded with HTTP status code 404 and body 404 page not found

	at io.micrometer.registry.otlp.OtlpHttpMetricsSender.send(OtlpHttpMetricsSender.java:68) ~[micrometer-registry-otlp-1.17.0.jar:1.17.0]
	at io.micrometer.registry.otlp.OtlpMeterRegistry.publish(OtlpMeterRegistry.java:193) ~[micrometer-registry-otlp-1.17.0.jar:1.17.0]
	at io.micrometer.core.instrument.push.PushMeterRegistry.publishSafelyOrSkipIfInProgress(PushMeterRegistry.java:63) ~[micrometer-core-1.17.0.jar:1.17.0]
	at java.base/java.util.concurrent.Executors$RunnableAdapter.call(Executors.java:545) ~[na:na]
	at java.base/java.util.concurrent.FutureTask.runAndReset(FutureTask.java:369) ~[na:na]
	at java.base/java.util.concurrent.ScheduledThreadPoolExecutor$ScheduledFutureTask.run(ScheduledThreadPoolExecutor.java:310) ~[na:na]
	at java.base/java.util.concurrent.ThreadPoolExecutor.runWorker(ThreadPoolExecutor.java:1090) ~[na:na]
	at java.base/java.util.concurrent.ThreadPoolExecutor$Worker.run(ThreadPoolExecutor.java:614) ~[na:na]
	at java.base/java.lang.Thread.run(Thread.java:1474) ~[na:na]

2026-07-27T15:31:22.702-03:00  WARN 20164 --- [battleship-api] [trics-publisher] [battleship-api,,] i.m.registry.otlp.OtlpMeterRegistry      : Failed to publish metrics to OTLP receiver (context: url=http://localhost:4318/v1/metrics, resource-attributes={service.name=battleship-api})

io.micrometer.registry.otlp.OtlpHttpMetricsSender$OtlpHttpMetricsSendUnsuccessfulException: Server responded with HTTP status code 404 and body 404 page not found

	at io.micrometer.registry.otlp.OtlpHttpMetricsSender.send(OtlpHttpMetricsSender.java:68) ~[micrometer-registry-otlp-1.17.0.jar:1.17.0]
	at io.micrometer.registry.otlp.OtlpMeterRegistry.publish(OtlpMeterRegistry.java:193) ~[micrometer-registry-otlp-1.17.0.jar:1.17.0]
	at io.micrometer.core.instrument.push.PushMeterRegistry.publishSafelyOrSkipIfInProgress(PushMeterRegistry.java:63) ~[micrometer-core-1.17.0.jar:1.17.0]
	at java.base/java.util.concurrent.Executors$RunnableAdapter.call(Executors.java:545) ~[na:na]
	at java.base/java.util.concurrent.FutureTask.runAndReset(FutureTask.java:369) ~[na:na]
	at java.base/java.util.concurrent.ScheduledThreadPoolExecutor$ScheduledFutureTask.run(ScheduledThreadPoolExecutor.java:310) ~[na:na]
	at java.base/java.util.concurrent.ThreadPoolExecutor.runWorker(ThreadPoolExecutor.java:1090) ~[na:na]
	at java.base/java.util.concurrent.ThreadPoolExecutor$Worker.run(ThreadPoolExecutor.java:614) ~[na:na]
	at java.base/java.lang.Thread.run(Thread.java:1474) ~[na:na]

2026-07-27T15:32:22.700-03:00  WARN 20164 --- [battleship-api] [trics-publisher] [battleship-api,,] i.m.registry.otlp.OtlpMeterRegistry      : Failed to publish metrics to OTLP receiver (context: url=http://localhost:4318/v1/metrics, resource-attributes={service.name=battleship-api})

io.micrometer.registry.otlp.OtlpHttpMetricsSender$OtlpHttpMetricsSendUnsuccessfulException: Server responded with HTTP status code 404 and body 404 page not found

	at io.micrometer.registry.otlp.OtlpHttpMetricsSender.send(OtlpHttpMetricsSender.java:68) ~[micrometer-registry-otlp-1.17.0.jar:1.17.0]
	at io.micrometer.registry.otlp.OtlpMeterRegistry.publish(OtlpMeterRegistry.java:193) ~[micrometer-registry-otlp-1.17.0.jar:1.17.0]
	at io.micrometer.core.instrument.push.PushMeterRegistry.publishSafelyOrSkipIfInProgress(PushMeterRegistry.java:63) ~[micrometer-core-1.17.0.jar:1.17.0]
	at java.base/java.util.concurrent.Executors$RunnableAdapter.call(Executors.java:545) ~[na:na]
	at java.base/java.util.concurrent.FutureTask.runAndReset(FutureTask.java:369) ~[na:na]
	at java.base/java.util.concurrent.ScheduledThreadPoolExecutor$ScheduledFutureTask.run(ScheduledThreadPoolExecutor.java:310) ~[na:na]
	at java.base/java.util.concurrent.ThreadPoolExecutor.runWorker(ThreadPoolExecutor.java:1090) ~[na:na]
	at java.base/java.util.concurrent.ThreadPoolExecutor$Worker.run(ThreadPoolExecutor.java:614) ~[na:na]
	at java.base/java.lang.Thread.run(Thread.java:1474) ~[na:na]

2026-07-27T15:33:22.691-03:00  WARN 20164 --- [battleship-api] [trics-publisher] [battleship-api,,] i.m.registry.otlp.OtlpMeterRegistry      : Failed to publish metrics to OTLP receiver (context: url=http://localhost:4318/v1/metrics, resource-attributes={service.name=battleship-api})

io.micrometer.registry.otlp.OtlpHttpMetricsSender$OtlpHttpMetricsSendUnsuccessfulException: Server responded with HTTP status code 404 and body 404 page not found

	at io.micrometer.registry.otlp.OtlpHttpMetricsSender.send(OtlpHttpMetricsSender.java:68) ~[micrometer-registry-otlp-1.17.0.jar:1.17.0]
	at io.micrometer.registry.otlp.OtlpMeterRegistry.publish(OtlpMeterRegistry.java:193) ~[micrometer-registry-otlp-1.17.0.jar:1.17.0]
	at io.micrometer.core.instrument.push.PushMeterRegistry.publishSafelyOrSkipIfInProgress(PushMeterRegistry.java:63) ~[micrometer-core-1.17.0.jar:1.17.0]
	at java.base/java.util.concurrent.Executors$RunnableAdapter.call(Executors.java:545) ~[na:na]
	at java.base/java.util.concurrent.FutureTask.runAndReset(FutureTask.java:369) ~[na:na]
	at java.base/java.util.concurrent.ScheduledThreadPoolExecutor$ScheduledFutureTask.run(ScheduledThreadPoolExecutor.java:310) ~[na:na]
	at java.base/java.util.concurrent.ThreadPoolExecutor.runWorker(ThreadPoolExecutor.java:1090) ~[na:na]
	at java.base/java.util.concurrent.ThreadPoolExecutor$Worker.run(ThreadPoolExecutor.java:614) ~[na:na]
	at java.base/java.lang.Thread.run(Thread.java:1474) ~[na:na]

2026-07-27T15:33:35.209-03:00  INFO 20164 --- [battleship-api] [MessageBroker-5] [battleship-api,,] o.s.w.s.c.WebSocketMessageBrokerStats    : WebSocketSession[0 current WS(0)-HttpStream(0)-HttpPoll(0), 0 total, 0 closed abnormally (0 connect failure, 0 send limit, 0 transport error)], stompSubProtocol[processed CONNECT(0)-CONNECTED(0)-DISCONNECT(0)], stompBrokerRelay[null], inboundChannel[pool size = 0, active threads = 0, queued tasks = 0, completed tasks = 0], outboundChannel[pool size = 0, active threads = 0, queued tasks = 0, completed tasks = 0], sockJsScheduler[pool size = 12, active threads = 1, queued tasks = 3, completed tasks = 163]
2026-07-27T15:34:22.701-03:00  WARN 20164 --- [battleship-api] [trics-publisher] [battleship-api,,] i.m.registry.otlp.OtlpMeterRegistry      : Failed to publish metrics to OTLP receiver (context: url=http://localhost:4318/v1/metrics, resource-attributes={service.name=battleship-api})

io.micrometer.registry.otlp.OtlpHttpMetricsSender$OtlpHttpMetricsSendUnsuccessfulException: Server responded with HTTP status code 404 and body 404 page not found

	at io.micrometer.registry.otlp.OtlpHttpMetricsSender.send(OtlpHttpMetricsSender.java:68) ~[micrometer-registry-otlp-1.17.0.jar:1.17.0]
	at io.micrometer.registry.otlp.OtlpMeterRegistry.publish(OtlpMeterRegistry.java:193) ~[micrometer-registry-otlp-1.17.0.jar:1.17.0]
	at io.micrometer.core.instrument.push.PushMeterRegistry.publishSafelyOrSkipIfInProgress(PushMeterRegistry.java:63) ~[micrometer-core-1.17.0.jar:1.17.0]
	at java.base/java.util.concurrent.Executors$RunnableAdapter.call(Executors.java:545) ~[na:na]
	at java.base/java.util.concurrent.FutureTask.runAndReset(FutureTask.java:369) ~[na:na]
	at java.base/java.util.concurrent.ScheduledThreadPoolExecutor$ScheduledFutureTask.run(ScheduledThreadPoolExecutor.java:310) ~[na:na]
	at java.base/java.util.concurrent.ThreadPoolExecutor.runWorker(ThreadPoolExecutor.java:1090) ~[na:na]
	at java.base/java.util.concurrent.ThreadPoolExecutor$Worker.run(ThreadPoolExecutor.java:614) ~[na:na]
	at java.base/java.lang.Thread.run(Thread.java:1474) ~[na:na]

2026-07-27T15:35:22.696-03:00  WARN 20164 --- [battleship-api] [trics-publisher] [battleship-api,,] i.m.registry.otlp.OtlpMeterRegistry      : Failed to publish metrics to OTLP receiver (context: url=http://localhost:4318/v1/metrics, resource-attributes={service.name=battleship-api})

io.micrometer.registry.otlp.OtlpHttpMetricsSender$OtlpHttpMetricsSendUnsuccessfulException: Server responded with HTTP status code 404 and body 404 page not found

	at io.micrometer.registry.otlp.OtlpHttpMetricsSender.send(OtlpHttpMetricsSender.java:68) ~[micrometer-registry-otlp-1.17.0.jar:1.17.0]
	at io.micrometer.registry.otlp.OtlpMeterRegistry.publish(OtlpMeterRegistry.java:193) ~[micrometer-registry-otlp-1.17.0.jar:1.17.0]
	at io.micrometer.core.instrument.push.PushMeterRegistry.publishSafelyOrSkipIfInProgress(PushMeterRegistry.java:63) ~[micrometer-core-1.17.0.jar:1.17.0]
	at java.base/java.util.concurrent.Executors$RunnableAdapter.call(Executors.java:545) ~[na:na]
	at java.base/java.util.concurrent.FutureTask.runAndReset(FutureTask.java:369) ~[na:na]
	at java.base/java.util.concurrent.ScheduledThreadPoolExecutor$ScheduledFutureTask.run(ScheduledThreadPoolExecutor.java:310) ~[na:na]
	at java.base/java.util.concurrent.ThreadPoolExecutor.runWorker(ThreadPoolExecutor.java:1090) ~[na:na]
	at java.base/java.util.concurrent.ThreadPoolExecutor$Worker.run(ThreadPoolExecutor.java:614) ~[na:na]
	at java.base/java.lang.Thread.run(Thread.java:1474) ~[na:na]

2026-07-27T15:36:22.697-03:00  WARN 20164 --- [battleship-api] [trics-publisher] [battleship-api,,] i.m.registry.otlp.OtlpMeterRegistry      : Failed to publish metrics to OTLP receiver (context: url=http://localhost:4318/v1/metrics, resource-attributes={service.name=battleship-api})

io.micrometer.registry.otlp.OtlpHttpMetricsSender$OtlpHttpMetricsSendUnsuccessfulException: Server responded with HTTP status code 404 and body 404 page not found

	at io.micrometer.registry.otlp.OtlpHttpMetricsSender.send(OtlpHttpMetricsSender.java:68) ~[micrometer-registry-otlp-1.17.0.jar:1.17.0]
	at io.micrometer.registry.otlp.OtlpMeterRegistry.publish(OtlpMeterRegistry.java:193) ~[micrometer-registry-otlp-1.17.0.jar:1.17.0]
	at io.micrometer.core.instrument.push.PushMeterRegistry.publishSafelyOrSkipIfInProgress(PushMeterRegistry.java:63) ~[micrometer-core-1.17.0.jar:1.17.0]
	at java.base/java.util.concurrent.Executors$RunnableAdapter.call(Executors.java:545) ~[na:na]
	at java.base/java.util.concurrent.FutureTask.runAndReset(FutureTask.java:369) ~[na:na]
	at java.base/java.util.concurrent.ScheduledThreadPoolExecutor$ScheduledFutureTask.run(ScheduledThreadPoolExecutor.java:310) ~[na:na]
	at java.base/java.util.concurrent.ThreadPoolExecutor.runWorker(ThreadPoolExecutor.java:1090) ~[na:na]
	at java.base/java.util.concurrent.ThreadPoolExecutor$Worker.run(ThreadPoolExecutor.java:614) ~[na:na]
	at java.base/java.lang.Thread.run(Thread.java:1474) ~[na:na]

2026-07-27T15:37:22.697-03:00  WARN 20164 --- [battleship-api] [trics-publisher] [battleship-api,,] i.m.registry.otlp.OtlpMeterRegistry      : Failed to publish metrics to OTLP receiver (context: url=http://localhost:4318/v1/metrics, resource-attributes={service.name=battleship-api})

io.micrometer.registry.otlp.OtlpHttpMetricsSender$OtlpHttpMetricsSendUnsuccessfulException: Server responded with HTTP status code 404 and body 404 page not found

	at io.micrometer.registry.otlp.OtlpHttpMetricsSender.send(OtlpHttpMetricsSender.java:68) ~[micrometer-registry-otlp-1.17.0.jar:1.17.0]
	at io.micrometer.registry.otlp.OtlpMeterRegistry.publish(OtlpMeterRegistry.java:193) ~[micrometer-registry-otlp-1.17.0.jar:1.17.0]
	at io.micrometer.core.instrument.push.PushMeterRegistry.publishSafelyOrSkipIfInProgress(PushMeterRegistry.java:63) ~[micrometer-core-1.17.0.jar:1.17.0]
	at java.base/java.util.concurrent.Executors$RunnableAdapter.call(Executors.java:545) ~[na:na]
	at java.base/java.util.concurrent.FutureTask.runAndReset(FutureTask.java:369) ~[na:na]
	at java.base/java.util.concurrent.ScheduledThreadPoolExecutor$ScheduledFutureTask.run(ScheduledThreadPoolExecutor.java:310) ~[na:na]
	at java.base/java.util.concurrent.ThreadPoolExecutor.runWorker(ThreadPoolExecutor.java:1090) ~[na:na]
	at java.base/java.util.concurrent.ThreadPoolExecutor$Worker.run(ThreadPoolExecutor.java:614) ~[na:na]
	at java.base/java.lang.Thread.run(Thread.java:1474) ~[na:na]

2026-07-27T15:38:22.695-03:00  WARN 20164 --- [battleship-api] [trics-publisher] [battleship-api,,] i.m.registry.otlp.OtlpMeterRegistry      : Failed to publish metrics to OTLP receiver (context: url=http://localhost:4318/v1/metrics, resource-attributes={service.name=battleship-api})

io.micrometer.registry.otlp.OtlpHttpMetricsSender$OtlpHttpMetricsSendUnsuccessfulException: Server responded with HTTP status code 404 and body 404 page not found

	at io.micrometer.registry.otlp.OtlpHttpMetricsSender.send(OtlpHttpMetricsSender.java:68) ~[micrometer-registry-otlp-1.17.0.jar:1.17.0]
	at io.micrometer.registry.otlp.OtlpMeterRegistry.publish(OtlpMeterRegistry.java:193) ~[micrometer-registry-otlp-1.17.0.jar:1.17.0]
	at io.micrometer.core.instrument.push.PushMeterRegistry.publishSafelyOrSkipIfInProgress(PushMeterRegistry.java:63) ~[micrometer-core-1.17.0.jar:1.17.0]
	at java.base/java.util.concurrent.Executors$RunnableAdapter.call(Executors.java:545) ~[na:na]
	at java.base/java.util.concurrent.FutureTask.runAndReset(FutureTask.java:369) ~[na:na]
	at java.base/java.util.concurrent.ScheduledThreadPoolExecutor$ScheduledFutureTask.run(ScheduledThreadPoolExecutor.java:310) ~[na:na]
	at java.base/java.util.concurrent.ThreadPoolExecutor.runWorker(ThreadPoolExecutor.java:1090) ~[na:na]
	at java.base/java.util.concurrent.ThreadPoolExecutor$Worker.run(ThreadPoolExecutor.java:614) ~[na:na]
	at java.base/java.lang.Thread.run(Thread.java:1474) ~[na:na]

2026-07-27T15:39:22.697-03:00  WARN 20164 --- [battleship-api] [trics-publisher] [battleship-api,,] i.m.registry.otlp.OtlpMeterRegistry      : Failed to publish metrics to OTLP receiver (context: url=http://localhost:4318/v1/metrics, resource-attributes={service.name=battleship-api})

io.micrometer.registry.otlp.OtlpHttpMetricsSender$OtlpHttpMetricsSendUnsuccessfulException: Server responded with HTTP status code 404 and body 404 page not found

	at io.micrometer.registry.otlp.OtlpHttpMetricsSender.send(OtlpHttpMetricsSender.java:68) ~[micrometer-registry-otlp-1.17.0.jar:1.17.0]
	at io.micrometer.registry.otlp.OtlpMeterRegistry.publish(OtlpMeterRegistry.java:193) ~[micrometer-registry-otlp-1.17.0.jar:1.17.0]
	at io.micrometer.core.instrument.push.PushMeterRegistry.publishSafelyOrSkipIfInProgress(PushMeterRegistry.java:63) ~[micrometer-core-1.17.0.jar:1.17.0]
	at java.base/java.util.concurrent.Executors$RunnableAdapter.call(Executors.java:545) ~[na:na]
	at java.base/java.util.concurrent.FutureTask.runAndReset(FutureTask.java:369) ~[na:na]
	at java.base/java.util.concurrent.ScheduledThreadPoolExecutor$ScheduledFutureTask.run(ScheduledThreadPoolExecutor.java:310) ~[na:na]
	at java.base/java.util.concurrent.ThreadPoolExecutor.runWorker(ThreadPoolExecutor.java:1090) ~[na:na]
	at java.base/java.util.concurrent.ThreadPoolExecutor$Worker.run(ThreadPoolExecutor.java:614) ~[na:na]
	at java.base/java.lang.Thread.run(Thread.java:1474) ~[na:na]

2026-07-27T15:40:22.709-03:00  WARN 20164 --- [battleship-api] [trics-publisher] [battleship-api,,] i.m.registry.otlp.OtlpMeterRegistry      : Failed to publish metrics to OTLP receiver (context: url=http://localhost:4318/v1/metrics, resource-attributes={service.name=battleship-api})

io.micrometer.registry.otlp.OtlpHttpMetricsSender$OtlpHttpMetricsSendUnsuccessfulException: Server responded with HTTP status code 404 and body 404 page not found

	at io.micrometer.registry.otlp.OtlpHttpMetricsSender.send(OtlpHttpMetricsSender.java:68) ~[micrometer-registry-otlp-1.17.0.jar:1.17.0]
	at io.micrometer.registry.otlp.OtlpMeterRegistry.publish(OtlpMeterRegistry.java:193) ~[micrometer-registry-otlp-1.17.0.jar:1.17.0]
	at io.micrometer.core.instrument.push.PushMeterRegistry.publishSafelyOrSkipIfInProgress(PushMeterRegistry.java:63) ~[micrometer-core-1.17.0.jar:1.17.0]
	at java.base/java.util.concurrent.Executors$RunnableAdapter.call(Executors.java:545) ~[na:na]
	at java.base/java.util.concurrent.FutureTask.runAndReset(FutureTask.java:369) ~[na:na]
	at java.base/java.util.concurrent.ScheduledThreadPoolExecutor$ScheduledFutureTask.run(ScheduledThreadPoolExecutor.java:310) ~[na:na]
	at java.base/java.util.concurrent.ThreadPoolExecutor.runWorker(ThreadPoolExecutor.java:1090) ~[na:na]
	at java.base/java.util.concurrent.ThreadPoolExecutor$Worker.run(ThreadPoolExecutor.java:614) ~[na:na]
	at java.base/java.lang.Thread.run(Thread.java:1474) ~[na:na]

2026-07-27T15:41:22.694-03:00  WARN 20164 --- [battleship-api] [trics-publisher] [battleship-api,,] i.m.registry.otlp.OtlpMeterRegistry      : Failed to publish metrics to OTLP receiver (context: url=http://localhost:4318/v1/metrics, resource-attributes={service.name=battleship-api})

io.micrometer.registry.otlp.OtlpHttpMetricsSender$OtlpHttpMetricsSendUnsuccessfulException: Server responded with HTTP status code 404 and body 404 page not found

	at io.micrometer.registry.otlp.OtlpHttpMetricsSender.send(OtlpHttpMetricsSender.java:68) ~[micrometer-registry-otlp-1.17.0.jar:1.17.0]
	at io.micrometer.registry.otlp.OtlpMeterRegistry.publish(OtlpMeterRegistry.java:193) ~[micrometer-registry-otlp-1.17.0.jar:1.17.0]
	at io.micrometer.core.instrument.push.PushMeterRegistry.publishSafelyOrSkipIfInProgress(PushMeterRegistry.java:63) ~[micrometer-core-1.17.0.jar:1.17.0]
	at java.base/java.util.concurrent.Executors$RunnableAdapter.call(Executors.java:545) ~[na:na]
	at java.base/java.util.concurrent.FutureTask.runAndReset(FutureTask.java:369) ~[na:na]
	at java.base/java.util.concurrent.ScheduledThreadPoolExecutor$ScheduledFutureTask.run(ScheduledThreadPoolExecutor.java:310) ~[na:na]
	at java.base/java.util.concurrent.ThreadPoolExecutor.runWorker(ThreadPoolExecutor.java:1090) ~[na:na]
	at java.base/java.util.concurrent.ThreadPoolExecutor$Worker.run(ThreadPoolExecutor.java:614) ~[na:na]
	at java.base/java.lang.Thread.run(Thread.java:1474) ~[na:na]

2026-07-27T15:42:22.700-03:00  WARN 20164 --- [battleship-api] [trics-publisher] [battleship-api,,] i.m.registry.otlp.OtlpMeterRegistry      : Failed to publish metrics to OTLP receiver (context: url=http://localhost:4318/v1/metrics, resource-attributes={service.name=battleship-api})

io.micrometer.registry.otlp.OtlpHttpMetricsSender$OtlpHttpMetricsSendUnsuccessfulException: Server responded with HTTP status code 404 and body 404 page not found

	at io.micrometer.registry.otlp.OtlpHttpMetricsSender.send(OtlpHttpMetricsSender.java:68) ~[micrometer-registry-otlp-1.17.0.jar:1.17.0]
	at io.micrometer.registry.otlp.OtlpMeterRegistry.publish(OtlpMeterRegistry.java:193) ~[micrometer-registry-otlp-1.17.0.jar:1.17.0]
	at io.micrometer.core.instrument.push.PushMeterRegistry.publishSafelyOrSkipIfInProgress(PushMeterRegistry.java:63) ~[micrometer-core-1.17.0.jar:1.17.0]
	at java.base/java.util.concurrent.Executors$RunnableAdapter.call(Executors.java:545) ~[na:na]
	at java.base/java.util.concurrent.FutureTask.runAndReset(FutureTask.java:369) ~[na:na]
	at java.base/java.util.concurrent.ScheduledThreadPoolExecutor$ScheduledFutureTask.run(ScheduledThreadPoolExecutor.java:310) ~[na:na]
	at java.base/java.util.concurrent.ThreadPoolExecutor.runWorker(ThreadPoolExecutor.java:1090) ~[na:na]
	at java.base/java.util.concurrent.ThreadPoolExecutor$Worker.run(ThreadPoolExecutor.java:614) ~[na:na]
	at java.base/java.lang.Thread.run(Thread.java:1474) ~[na:na]

2026-07-27T15:43:22.693-03:00  WARN 20164 --- [battleship-api] [trics-publisher] [battleship-api,,] i.m.registry.otlp.OtlpMeterRegistry      : Failed to publish metrics to OTLP receiver (context: url=http://localhost:4318/v1/metrics, resource-attributes={service.name=battleship-api})

io.micrometer.registry.otlp.OtlpHttpMetricsSender$OtlpHttpMetricsSendUnsuccessfulException: Server responded with HTTP status code 404 and body 404 page not found

	at io.micrometer.registry.otlp.OtlpHttpMetricsSender.send(OtlpHttpMetricsSender.java:68) ~[micrometer-registry-otlp-1.17.0.jar:1.17.0]
	at io.micrometer.registry.otlp.OtlpMeterRegistry.publish(OtlpMeterRegistry.java:193) ~[micrometer-registry-otlp-1.17.0.jar:1.17.0]
	at io.micrometer.core.instrument.push.PushMeterRegistry.publishSafelyOrSkipIfInProgress(PushMeterRegistry.java:63) ~[micrometer-core-1.17.0.jar:1.17.0]
	at java.base/java.util.concurrent.Executors$RunnableAdapter.call(Executors.java:545) ~[na:na]
	at java.base/java.util.concurrent.FutureTask.runAndReset(FutureTask.java:369) ~[na:na]
	at java.base/java.util.concurrent.ScheduledThreadPoolExecutor$ScheduledFutureTask.run(ScheduledThreadPoolExecutor.java:310) ~[na:na]
	at java.base/java.util.concurrent.ThreadPoolExecutor.runWorker(ThreadPoolExecutor.java:1090) ~[na:na]
	at java.base/java.util.concurrent.ThreadPoolExecutor$Worker.run(ThreadPoolExecutor.java:614) ~[na:na]
	at java.base/java.lang.Thread.run(Thread.java:1474) ~[na:na]

2026-07-27T15:44:22.687-03:00  WARN 20164 --- [battleship-api] [trics-publisher] [battleship-api,,] i.m.registry.otlp.OtlpMeterRegistry      : Failed to publish metrics to OTLP receiver (context: url=http://localhost:4318/v1/metrics, resource-attributes={service.name=battleship-api})

io.micrometer.registry.otlp.OtlpHttpMetricsSender$OtlpHttpMetricsSendUnsuccessfulException: Server responded with HTTP status code 404 and body 404 page not found

	at io.micrometer.registry.otlp.OtlpHttpMetricsSender.send(OtlpHttpMetricsSender.java:68) ~[micrometer-registry-otlp-1.17.0.jar:1.17.0]
	at io.micrometer.registry.otlp.OtlpMeterRegistry.publish(OtlpMeterRegistry.java:193) ~[micrometer-registry-otlp-1.17.0.jar:1.17.0]
	at io.micrometer.core.instrument.push.PushMeterRegistry.publishSafelyOrSkipIfInProgress(PushMeterRegistry.java:63) ~[micrometer-core-1.17.0.jar:1.17.0]
	at java.base/java.util.concurrent.Executors$RunnableAdapter.call(Executors.java:545) ~[na:na]
	at java.base/java.util.concurrent.FutureTask.runAndReset(FutureTask.java:369) ~[na:na]
	at java.base/java.util.concurrent.ScheduledThreadPoolExecutor$ScheduledFutureTask.run(ScheduledThreadPoolExecutor.java:310) ~[na:na]
	at java.base/java.util.concurrent.ThreadPoolExecutor.runWorker(ThreadPoolExecutor.java:1090) ~[na:na]
	at java.base/java.util.concurrent.ThreadPoolExecutor$Worker.run(ThreadPoolExecutor.java:614) ~[na:na]
	at java.base/java.lang.Thread.run(Thread.java:1474) ~[na:na]

2026-07-27T15:45:22.694-03:00  WARN 20164 --- [battleship-api] [trics-publisher] [battleship-api,,] i.m.registry.otlp.OtlpMeterRegistry      : Failed to publish metrics to OTLP receiver (context: url=http://localhost:4318/v1/metrics, resource-attributes={service.name=battleship-api})

io.micrometer.registry.otlp.OtlpHttpMetricsSender$OtlpHttpMetricsSendUnsuccessfulException: Server responded with HTTP status code 404 and body 404 page not found

	at io.micrometer.registry.otlp.OtlpHttpMetricsSender.send(OtlpHttpMetricsSender.java:68) ~[micrometer-registry-otlp-1.17.0.jar:1.17.0]
	at io.micrometer.registry.otlp.OtlpMeterRegistry.publish(OtlpMeterRegistry.java:193) ~[micrometer-registry-otlp-1.17.0.jar:1.17.0]
	at io.micrometer.core.instrument.push.PushMeterRegistry.publishSafelyOrSkipIfInProgress(PushMeterRegistry.java:63) ~[micrometer-core-1.17.0.jar:1.17.0]
	at java.base/java.util.concurrent.Executors$RunnableAdapter.call(Executors.java:545) ~[na:na]
	at java.base/java.util.concurrent.FutureTask.runAndReset(FutureTask.java:369) ~[na:na]
	at java.base/java.util.concurrent.ScheduledThreadPoolExecutor$ScheduledFutureTask.run(ScheduledThreadPoolExecutor.java:310) ~[na:na]
	at java.base/java.util.concurrent.ThreadPoolExecutor.runWorker(ThreadPoolExecutor.java:1090) ~[na:na]
	at java.base/java.util.concurrent.ThreadPoolExecutor$Worker.run(ThreadPoolExecutor.java:614) ~[na:na]
	at java.base/java.lang.Thread.run(Thread.java:1474) ~[na:na]

2026-07-27T15:46:22.705-03:00  WARN 20164 --- [battleship-api] [trics-publisher] [battleship-api,,] i.m.registry.otlp.OtlpMeterRegistry      : Failed to publish metrics to OTLP receiver (context: url=http://localhost:4318/v1/metrics, resource-attributes={service.name=battleship-api})

io.micrometer.registry.otlp.OtlpHttpMetricsSender$OtlpHttpMetricsSendUnsuccessfulException: Server responded with HTTP status code 404 and body 404 page not found

	at io.micrometer.registry.otlp.OtlpHttpMetricsSender.send(OtlpHttpMetricsSender.java:68) ~[micrometer-registry-otlp-1.17.0.jar:1.17.0]
	at io.micrometer.registry.otlp.OtlpMeterRegistry.publish(OtlpMeterRegistry.java:193) ~[micrometer-registry-otlp-1.17.0.jar:1.17.0]
	at io.micrometer.core.instrument.push.PushMeterRegistry.publishSafelyOrSkipIfInProgress(PushMeterRegistry.java:63) ~[micrometer-core-1.17.0.jar:1.17.0]
	at java.base/java.util.concurrent.Executors$RunnableAdapter.call(Executors.java:545) ~[na:na]
	at java.base/java.util.concurrent.FutureTask.runAndReset(FutureTask.java:369) ~[na:na]
	at java.base/java.util.concurrent.ScheduledThreadPoolExecutor$ScheduledFutureTask.run(ScheduledThreadPoolExecutor.java:310) ~[na:na]
	at java.base/java.util.concurrent.ThreadPoolExecutor.runWorker(ThreadPoolExecutor.java:1090) ~[na:na]
	at java.base/java.util.concurrent.ThreadPoolExecutor$Worker.run(ThreadPoolExecutor.java:614) ~[na:na]
	at java.base/java.lang.Thread.run(Thread.java:1474) ~[na:na]

2026-07-27T15:47:22.696-03:00  WARN 20164 --- [battleship-api] [trics-publisher] [battleship-api,,] i.m.registry.otlp.OtlpMeterRegistry      : Failed to publish metrics to OTLP receiver (context: url=http://localhost:4318/v1/metrics, resource-attributes={service.name=battleship-api})

io.micrometer.registry.otlp.OtlpHttpMetricsSender$OtlpHttpMetricsSendUnsuccessfulException: Server responded with HTTP status code 404 and body 404 page not found

	at io.micrometer.registry.otlp.OtlpHttpMetricsSender.send(OtlpHttpMetricsSender.java:68) ~[micrometer-registry-otlp-1.17.0.jar:1.17.0]
	at io.micrometer.registry.otlp.OtlpMeterRegistry.publish(OtlpMeterRegistry.java:193) ~[micrometer-registry-otlp-1.17.0.jar:1.17.0]
	at io.micrometer.core.instrument.push.PushMeterRegistry.publishSafelyOrSkipIfInProgress(PushMeterRegistry.java:63) ~[micrometer-core-1.17.0.jar:1.17.0]
	at java.base/java.util.concurrent.Executors$RunnableAdapter.call(Executors.java:545) ~[na:na]
	at java.base/java.util.concurrent.FutureTask.runAndReset(FutureTask.java:369) ~[na:na]
	at java.base/java.util.concurrent.ScheduledThreadPoolExecutor$ScheduledFutureTask.run(ScheduledThreadPoolExecutor.java:310) ~[na:na]
	at java.base/java.util.concurrent.ThreadPoolExecutor.runWorker(ThreadPoolExecutor.java:1090) ~[na:na]
	at java.base/java.util.concurrent.ThreadPoolExecutor$Worker.run(ThreadPoolExecutor.java:614) ~[na:na]
	at java.base/java.lang.Thread.run(Thread.java:1474) ~[na:na]

2026-07-27T15:48:22.700-03:00  WARN 20164 --- [battleship-api] [trics-publisher] [battleship-api,,] i.m.registry.otlp.OtlpMeterRegistry      : Failed to publish metrics to OTLP receiver (context: url=http://localhost:4318/v1/metrics, resource-attributes={service.name=battleship-api})

io.micrometer.registry.otlp.OtlpHttpMetricsSender$OtlpHttpMetricsSendUnsuccessfulException: Server responded with HTTP status code 404 and body 404 page not found

	at io.micrometer.registry.otlp.OtlpHttpMetricsSender.send(OtlpHttpMetricsSender.java:68) ~[micrometer-registry-otlp-1.17.0.jar:1.17.0]
	at io.micrometer.registry.otlp.OtlpMeterRegistry.publish(OtlpMeterRegistry.java:193) ~[micrometer-registry-otlp-1.17.0.jar:1.17.0]
	at io.micrometer.core.instrument.push.PushMeterRegistry.publishSafelyOrSkipIfInProgress(PushMeterRegistry.java:63) ~[micrometer-core-1.17.0.jar:1.17.0]
	at java.base/java.util.concurrent.Executors$RunnableAdapter.call(Executors.java:545) ~[na:na]
	at java.base/java.util.concurrent.FutureTask.runAndReset(FutureTask.java:369) ~[na:na]
	at java.base/java.util.concurrent.ScheduledThreadPoolExecutor$ScheduledFutureTask.run(ScheduledThreadPoolExecutor.java:310) ~[na:na]
	at java.base/java.util.concurrent.ThreadPoolExecutor.runWorker(ThreadPoolExecutor.java:1090) ~[na:na]
	at java.base/java.util.concurrent.ThreadPoolExecutor$Worker.run(ThreadPoolExecutor.java:614) ~[na:na]
	at java.base/java.lang.Thread.run(Thread.java:1474) ~[na:na]

2026-07-27T15:49:22.710-03:00  WARN 20164 --- [battleship-api] [trics-publisher] [battleship-api,,] i.m.registry.otlp.OtlpMeterRegistry      : Failed to publish metrics to OTLP receiver (context: url=http://localhost:4318/v1/metrics, resource-attributes={service.name=battleship-api})

io.micrometer.registry.otlp.OtlpHttpMetricsSender$OtlpHttpMetricsSendUnsuccessfulException: Server responded with HTTP status code 404 and body 404 page not found

	at io.micrometer.registry.otlp.OtlpHttpMetricsSender.send(OtlpHttpMetricsSender.java:68) ~[micrometer-registry-otlp-1.17.0.jar:1.17.0]
	at io.micrometer.registry.otlp.OtlpMeterRegistry.publish(OtlpMeterRegistry.java:193) ~[micrometer-registry-otlp-1.17.0.jar:1.17.0]
	at io.micrometer.core.instrument.push.PushMeterRegistry.publishSafelyOrSkipIfInProgress(PushMeterRegistry.java:63) ~[micrometer-core-1.17.0.jar:1.17.0]
	at java.base/java.util.concurrent.Executors$RunnableAdapter.call(Executors.java:545) ~[na:na]
	at java.base/java.util.concurrent.FutureTask.runAndReset(FutureTask.java:369) ~[na:na]
	at java.base/java.util.concurrent.ScheduledThreadPoolExecutor$ScheduledFutureTask.run(ScheduledThreadPoolExecutor.java:310) ~[na:na]
	at java.base/java.util.concurrent.ThreadPoolExecutor.runWorker(ThreadPoolExecutor.java:1090) ~[na:na]
	at java.base/java.util.concurrent.ThreadPoolExecutor$Worker.run(ThreadPoolExecutor.java:614) ~[na:na]
	at java.base/java.lang.Thread.run(Thread.java:1474) ~[na:na]

2026-07-27T15:50:22.695-03:00  WARN 20164 --- [battleship-api] [trics-publisher] [battleship-api,,] i.m.registry.otlp.OtlpMeterRegistry      : Failed to publish metrics to OTLP receiver (context: url=http://localhost:4318/v1/metrics, resource-attributes={service.name=battleship-api})

io.micrometer.registry.otlp.OtlpHttpMetricsSender$OtlpHttpMetricsSendUnsuccessfulException: Server responded with HTTP status code 404 and body 404 page not found

	at io.micrometer.registry.otlp.OtlpHttpMetricsSender.send(OtlpHttpMetricsSender.java:68) ~[micrometer-registry-otlp-1.17.0.jar:1.17.0]
	at io.micrometer.registry.otlp.OtlpMeterRegistry.publish(OtlpMeterRegistry.java:193) ~[micrometer-registry-otlp-1.17.0.jar:1.17.0]
	at io.micrometer.core.instrument.push.PushMeterRegistry.publishSafelyOrSkipIfInProgress(PushMeterRegistry.java:63) ~[micrometer-core-1.17.0.jar:1.17.0]
	at java.base/java.util.concurrent.Executors$RunnableAdapter.call(Executors.java:545) ~[na:na]
	at java.base/java.util.concurrent.FutureTask.runAndReset(FutureTask.java:369) ~[na:na]
	at java.base/java.util.concurrent.ScheduledThreadPoolExecutor$ScheduledFutureTask.run(ScheduledThreadPoolExecutor.java:310) ~[na:na]
	at java.base/java.util.concurrent.ThreadPoolExecutor.runWorker(ThreadPoolExecutor.java:1090) ~[na:na]
	at java.base/java.util.concurrent.ThreadPoolExecutor$Worker.run(ThreadPoolExecutor.java:614) ~[na:na]
	at java.base/java.lang.Thread.run(Thread.java:1474) ~[na:na]

2026-07-27T15:51:22.696-03:00  WARN 20164 --- [battleship-api] [trics-publisher] [battleship-api,,] i.m.registry.otlp.OtlpMeterRegistry      : Failed to publish metrics to OTLP receiver (context: url=http://localhost:4318/v1/metrics, resource-attributes={service.name=battleship-api})

io.micrometer.registry.otlp.OtlpHttpMetricsSender$OtlpHttpMetricsSendUnsuccessfulException: Server responded with HTTP status code 404 and body 404 page not found

	at io.micrometer.registry.otlp.OtlpHttpMetricsSender.send(OtlpHttpMetricsSender.java:68) ~[micrometer-registry-otlp-1.17.0.jar:1.17.0]
	at io.micrometer.registry.otlp.OtlpMeterRegistry.publish(OtlpMeterRegistry.java:193) ~[micrometer-registry-otlp-1.17.0.jar:1.17.0]
	at io.micrometer.core.instrument.push.PushMeterRegistry.publishSafelyOrSkipIfInProgress(PushMeterRegistry.java:63) ~[micrometer-core-1.17.0.jar:1.17.0]
	at java.base/java.util.concurrent.Executors$RunnableAdapter.call(Executors.java:545) ~[na:na]
	at java.base/java.util.concurrent.FutureTask.runAndReset(FutureTask.java:369) ~[na:na]
	at java.base/java.util.concurrent.ScheduledThreadPoolExecutor$ScheduledFutureTask.run(ScheduledThreadPoolExecutor.java:310) ~[na:na]
	at java.base/java.util.concurrent.ThreadPoolExecutor.runWorker(ThreadPoolExecutor.java:1090) ~[na:na]
	at java.base/java.util.concurrent.ThreadPoolExecutor$Worker.run(ThreadPoolExecutor.java:614) ~[na:na]
	at java.base/java.lang.Thread.run(Thread.java:1474) ~[na:na]

2026-07-27T15:52:22.708-03:00  WARN 20164 --- [battleship-api] [trics-publisher] [battleship-api,,] i.m.registry.otlp.OtlpMeterRegistry      : Failed to publish metrics to OTLP receiver (context: url=http://localhost:4318/v1/metrics, resource-attributes={service.name=battleship-api})

io.micrometer.registry.otlp.OtlpHttpMetricsSender$OtlpHttpMetricsSendUnsuccessfulException: Server responded with HTTP status code 404 and body 404 page not found

	at io.micrometer.registry.otlp.OtlpHttpMetricsSender.send(OtlpHttpMetricsSender.java:68) ~[micrometer-registry-otlp-1.17.0.jar:1.17.0]
	at io.micrometer.registry.otlp.OtlpMeterRegistry.publish(OtlpMeterRegistry.java:193) ~[micrometer-registry-otlp-1.17.0.jar:1.17.0]
	at io.micrometer.core.instrument.push.PushMeterRegistry.publishSafelyOrSkipIfInProgress(PushMeterRegistry.java:63) ~[micrometer-core-1.17.0.jar:1.17.0]
	at java.base/java.util.concurrent.Executors$RunnableAdapter.call(Executors.java:545) ~[na:na]
	at java.base/java.util.concurrent.FutureTask.runAndReset(FutureTask.java:369) ~[na:na]
	at java.base/java.util.concurrent.ScheduledThreadPoolExecutor$ScheduledFutureTask.run(ScheduledThreadPoolExecutor.java:310) ~[na:na]
	at java.base/java.util.concurrent.ThreadPoolExecutor.runWorker(ThreadPoolExecutor.java:1090) ~[na:na]
	at java.base/java.util.concurrent.ThreadPoolExecutor$Worker.run(ThreadPoolExecutor.java:614) ~[na:na]
	at java.base/java.lang.Thread.run(Thread.java:1474) ~[na:na]

2026-07-27T15:53:22.700-03:00  WARN 20164 --- [battleship-api] [trics-publisher] [battleship-api,,] i.m.registry.otlp.OtlpMeterRegistry      : Failed to publish metrics to OTLP receiver (context: url=http://localhost:4318/v1/metrics, resource-attributes={service.name=battleship-api})

io.micrometer.registry.otlp.OtlpHttpMetricsSender$OtlpHttpMetricsSendUnsuccessfulException: Server responded with HTTP status code 404 and body 404 page not found

	at io.micrometer.registry.otlp.OtlpHttpMetricsSender.send(OtlpHttpMetricsSender.java:68) ~[micrometer-registry-otlp-1.17.0.jar:1.17.0]
	at io.micrometer.registry.otlp.OtlpMeterRegistry.publish(OtlpMeterRegistry.java:193) ~[micrometer-registry-otlp-1.17.0.jar:1.17.0]
	at io.micrometer.core.instrument.push.PushMeterRegistry.publishSafelyOrSkipIfInProgress(PushMeterRegistry.java:63) ~[micrometer-core-1.17.0.jar:1.17.0]
	at java.base/java.util.concurrent.Executors$RunnableAdapter.call(Executors.java:545) ~[na:na]
	at java.base/java.util.concurrent.FutureTask.runAndReset(FutureTask.java:369) ~[na:na]
	at java.base/java.util.concurrent.ScheduledThreadPoolExecutor$ScheduledFutureTask.run(ScheduledThreadPoolExecutor.java:310) ~[na:na]
	at java.base/java.util.concurrent.ThreadPoolExecutor.runWorker(ThreadPoolExecutor.java:1090) ~[na:na]
	at java.base/java.util.concurrent.ThreadPoolExecutor$Worker.run(ThreadPoolExecutor.java:614) ~[na:na]
	at java.base/java.lang.Thread.run(Thread.java:1474) ~[na:na]

2026-07-27T15:54:22.685-03:00  WARN 20164 --- [battleship-api] [trics-publisher] [battleship-api,,] i.m.registry.otlp.OtlpMeterRegistry      : Failed to publish metrics to OTLP receiver (context: url=http://localhost:4318/v1/metrics, resource-attributes={service.name=battleship-api})

io.micrometer.registry.otlp.OtlpHttpMetricsSender$OtlpHttpMetricsSendUnsuccessfulException: Server responded with HTTP status code 404 and body 404 page not found

	at io.micrometer.registry.otlp.OtlpHttpMetricsSender.send(OtlpHttpMetricsSender.java:68) ~[micrometer-registry-otlp-1.17.0.jar:1.17.0]
	at io.micrometer.registry.otlp.OtlpMeterRegistry.publish(OtlpMeterRegistry.java:193) ~[micrometer-registry-otlp-1.17.0.jar:1.17.0]
	at io.micrometer.core.instrument.push.PushMeterRegistry.publishSafelyOrSkipIfInProgress(PushMeterRegistry.java:63) ~[micrometer-core-1.17.0.jar:1.17.0]
	at java.base/java.util.concurrent.Executors$RunnableAdapter.call(Executors.java:545) ~[na:na]
	at java.base/java.util.concurrent.FutureTask.runAndReset(FutureTask.java:369) ~[na:na]
	at java.base/java.util.concurrent.ScheduledThreadPoolExecutor$ScheduledFutureTask.run(ScheduledThreadPoolExecutor.java:310) ~[na:na]
	at java.base/java.util.concurrent.ThreadPoolExecutor.runWorker(ThreadPoolExecutor.java:1090) ~[na:na]
	at java.base/java.util.concurrent.ThreadPoolExecutor$Worker.run(ThreadPoolExecutor.java:614) ~[na:na]
	at java.base/java.lang.Thread.run(Thread.java:1474) ~[na:na]

2026-07-27T15:55:22.713-03:00  WARN 20164 --- [battleship-api] [trics-publisher] [battleship-api,,] i.m.registry.otlp.OtlpMeterRegistry      : Failed to publish metrics to OTLP receiver (context: url=http://localhost:4318/v1/metrics, resource-attributes={service.name=battleship-api})

io.micrometer.registry.otlp.OtlpHttpMetricsSender$OtlpHttpMetricsSendUnsuccessfulException: Server responded with HTTP status code 404 and body 404 page not found

	at io.micrometer.registry.otlp.OtlpHttpMetricsSender.send(OtlpHttpMetricsSender.java:68) ~[micrometer-registry-otlp-1.17.0.jar:1.17.0]
	at io.micrometer.registry.otlp.OtlpMeterRegistry.publish(OtlpMeterRegistry.java:193) ~[micrometer-registry-otlp-1.17.0.jar:1.17.0]
	at io.micrometer.core.instrument.push.PushMeterRegistry.publishSafelyOrSkipIfInProgress(PushMeterRegistry.java:63) ~[micrometer-core-1.17.0.jar:1.17.0]
	at java.base/java.util.concurrent.Executors$RunnableAdapter.call(Executors.java:545) ~[na:na]
	at java.base/java.util.concurrent.FutureTask.runAndReset(FutureTask.java:369) ~[na:na]
	at java.base/java.util.concurrent.ScheduledThreadPoolExecutor$ScheduledFutureTask.run(ScheduledThreadPoolExecutor.java:310) ~[na:na]
	at java.base/java.util.concurrent.ThreadPoolExecutor.runWorker(ThreadPoolExecutor.java:1090) ~[na:na]
	at java.base/java.util.concurrent.ThreadPoolExecutor$Worker.run(ThreadPoolExecutor.java:614) ~[na:na]
	at java.base/java.lang.Thread.run(Thread.java:1474) ~[na:na]

2026-07-27T15:56:22.682-03:00  WARN 20164 --- [battleship-api] [trics-publisher] [battleship-api,,] i.m.registry.otlp.OtlpMeterRegistry      : Failed to publish metrics to OTLP receiver (context: url=http://localhost:4318/v1/metrics, resource-attributes={service.name=battleship-api})

io.micrometer.registry.otlp.OtlpHttpMetricsSender$OtlpHttpMetricsSendUnsuccessfulException: Server responded with HTTP status code 404 and body 404 page not found

	at io.micrometer.registry.otlp.OtlpHttpMetricsSender.send(OtlpHttpMetricsSender.java:68) ~[micrometer-registry-otlp-1.17.0.jar:1.17.0]
	at io.micrometer.registry.otlp.OtlpMeterRegistry.publish(OtlpMeterRegistry.java:193) ~[micrometer-registry-otlp-1.17.0.jar:1.17.0]
	at io.micrometer.core.instrument.push.PushMeterRegistry.publishSafelyOrSkipIfInProgress(PushMeterRegistry.java:63) ~[micrometer-core-1.17.0.jar:1.17.0]
	at java.base/java.util.concurrent.Executors$RunnableAdapter.call(Executors.java:545) ~[na:na]
	at java.base/java.util.concurrent.FutureTask.runAndReset(FutureTask.java:369) ~[na:na]
	at java.base/java.util.concurrent.ScheduledThreadPoolExecutor$ScheduledFutureTask.run(ScheduledThreadPoolExecutor.java:310) ~[na:na]
	at java.base/java.util.concurrent.ThreadPoolExecutor.runWorker(ThreadPoolExecutor.java:1090) ~[na:na]
	at java.base/java.util.concurrent.ThreadPoolExecutor$Worker.run(ThreadPoolExecutor.java:614) ~[na:na]
	at java.base/java.lang.Thread.run(Thread.java:1474) ~[na:na]

2026-07-27T15:57:22.682-03:00  WARN 20164 --- [battleship-api] [trics-publisher] [battleship-api,,] i.m.registry.otlp.OtlpMeterRegistry      : Failed to publish metrics to OTLP receiver (context: url=http://localhost:4318/v1/metrics, resource-attributes={service.name=battleship-api})

io.micrometer.registry.otlp.OtlpHttpMetricsSender$OtlpHttpMetricsSendUnsuccessfulException: Server responded with HTTP status code 404 and body 404 page not found

	at io.micrometer.registry.otlp.OtlpHttpMetricsSender.send(OtlpHttpMetricsSender.java:68) ~[micrometer-registry-otlp-1.17.0.jar:1.17.0]
	at io.micrometer.registry.otlp.OtlpMeterRegistry.publish(OtlpMeterRegistry.java:193) ~[micrometer-registry-otlp-1.17.0.jar:1.17.0]
	at io.micrometer.core.instrument.push.PushMeterRegistry.publishSafelyOrSkipIfInProgress(PushMeterRegistry.java:63) ~[micrometer-core-1.17.0.jar:1.17.0]
	at java.base/java.util.concurrent.Executors$RunnableAdapter.call(Executors.java:545) ~[na:na]
	at java.base/java.util.concurrent.FutureTask.runAndReset(FutureTask.java:369) ~[na:na]
	at java.base/java.util.concurrent.ScheduledThreadPoolExecutor$ScheduledFutureTask.run(ScheduledThreadPoolExecutor.java:310) ~[na:na]
	at java.base/java.util.concurrent.ThreadPoolExecutor.runWorker(ThreadPoolExecutor.java:1090) ~[na:na]
	at java.base/java.util.concurrent.ThreadPoolExecutor$Worker.run(ThreadPoolExecutor.java:614) ~[na:na]
	at java.base/java.lang.Thread.run(Thread.java:1474) ~[na:na]

2026-07-27T15:58:22.684-03:00  WARN 20164 --- [battleship-api] [trics-publisher] [battleship-api,,] i.m.registry.otlp.OtlpMeterRegistry      : Failed to publish metrics to OTLP receiver (context: url=http://localhost:4318/v1/metrics, resource-attributes={service.name=battleship-api})

io.micrometer.registry.otlp.OtlpHttpMetricsSender$OtlpHttpMetricsSendUnsuccessfulException: Server responded with HTTP status code 404 and body 404 page not found

	at io.micrometer.registry.otlp.OtlpHttpMetricsSender.send(OtlpHttpMetricsSender.java:68) ~[micrometer-registry-otlp-1.17.0.jar:1.17.0]
	at io.micrometer.registry.otlp.OtlpMeterRegistry.publish(OtlpMeterRegistry.java:193) ~[micrometer-registry-otlp-1.17.0.jar:1.17.0]
	at io.micrometer.core.instrument.push.PushMeterRegistry.publishSafelyOrSkipIfInProgress(PushMeterRegistry.java:63) ~[micrometer-core-1.17.0.jar:1.17.0]
	at java.base/java.util.concurrent.Executors$RunnableAdapter.call(Executors.java:545) ~[na:na]
	at java.base/java.util.concurrent.FutureTask.runAndReset(FutureTask.java:369) ~[na:na]
	at java.base/java.util.concurrent.ScheduledThreadPoolExecutor$ScheduledFutureTask.run(ScheduledThreadPoolExecutor.java:310) ~[na:na]
	at java.base/java.util.concurrent.ThreadPoolExecutor.runWorker(ThreadPoolExecutor.java:1090) ~[na:na]
	at java.base/java.util.concurrent.ThreadPoolExecutor$Worker.run(ThreadPoolExecutor.java:614) ~[na:na]
	at java.base/java.lang.Thread.run(Thread.java:1474) ~[na:na]

2026-07-27T15:59:22.692-03:00  WARN 20164 --- [battleship-api] [trics-publisher] [battleship-api,,] i.m.registry.otlp.OtlpMeterRegistry      : Failed to publish metrics to OTLP receiver (context: url=http://localhost:4318/v1/metrics, resource-attributes={service.name=battleship-api})

io.micrometer.registry.otlp.OtlpHttpMetricsSender$OtlpHttpMetricsSendUnsuccessfulException: Server responded with HTTP status code 404 and body 404 page not found

	at io.micrometer.registry.otlp.OtlpHttpMetricsSender.send(OtlpHttpMetricsSender.java:68) ~[micrometer-registry-otlp-1.17.0.jar:1.17.0]
	at io.micrometer.registry.otlp.OtlpMeterRegistry.publish(OtlpMeterRegistry.java:193) ~[micrometer-registry-otlp-1.17.0.jar:1.17.0]
	at io.micrometer.core.instrument.push.PushMeterRegistry.publishSafelyOrSkipIfInProgress(PushMeterRegistry.java:63) ~[micrometer-core-1.17.0.jar:1.17.0]
	at java.base/java.util.concurrent.Executors$RunnableAdapter.call(Executors.java:545) ~[na:na]
	at java.base/java.util.concurrent.FutureTask.runAndReset(FutureTask.java:369) ~[na:na]
	at java.base/java.util.concurrent.ScheduledThreadPoolExecutor$ScheduledFutureTask.run(ScheduledThreadPoolExecutor.java:310) ~[na:na]
	at java.base/java.util.concurrent.ThreadPoolExecutor.runWorker(ThreadPoolExecutor.java:1090) ~[na:na]
	at java.base/java.util.concurrent.ThreadPoolExecutor$Worker.run(ThreadPoolExecutor.java:614) ~[na:na]
	at java.base/java.lang.Thread.run(Thread.java:1474) ~[na:na]

2026-07-27T16:00:22.696-03:00  WARN 20164 --- [battleship-api] [trics-publisher] [battleship-api,,] i.m.registry.otlp.OtlpMeterRegistry      : Failed to publish metrics to OTLP receiver (context: url=http://localhost:4318/v1/metrics, resource-attributes={service.name=battleship-api})

io.micrometer.registry.otlp.OtlpHttpMetricsSender$OtlpHttpMetricsSendUnsuccessfulException: Server responded with HTTP status code 404 and body 404 page not found

	at io.micrometer.registry.otlp.OtlpHttpMetricsSender.send(OtlpHttpMetricsSender.java:68) ~[micrometer-registry-otlp-1.17.0.jar:1.17.0]
	at io.micrometer.registry.otlp.OtlpMeterRegistry.publish(OtlpMeterRegistry.java:193) ~[micrometer-registry-otlp-1.17.0.jar:1.17.0]
	at io.micrometer.core.instrument.push.PushMeterRegistry.publishSafelyOrSkipIfInProgress(PushMeterRegistry.java:63) ~[micrometer-core-1.17.0.jar:1.17.0]
	at java.base/java.util.concurrent.Executors$RunnableAdapter.call(Executors.java:545) ~[na:na]
	at java.base/java.util.concurrent.FutureTask.runAndReset(FutureTask.java:369) ~[na:na]
	at java.base/java.util.concurrent.ScheduledThreadPoolExecutor$ScheduledFutureTask.run(ScheduledThreadPoolExecutor.java:310) ~[na:na]
	at java.base/java.util.concurrent.ThreadPoolExecutor.runWorker(ThreadPoolExecutor.java:1090) ~[na:na]
	at java.base/java.util.concurrent.ThreadPoolExecutor$Worker.run(ThreadPoolExecutor.java:614) ~[na:na]
	at java.base/java.lang.Thread.run(Thread.java:1474) ~[na:na]

2026-07-27T16:01:22.699-03:00  WARN 20164 --- [battleship-api] [trics-publisher] [battleship-api,,] i.m.registry.otlp.OtlpMeterRegistry      : Failed to publish metrics to OTLP receiver (context: url=http://localhost:4318/v1/metrics, resource-attributes={service.name=battleship-api})

io.micrometer.registry.otlp.OtlpHttpMetricsSender$OtlpHttpMetricsSendUnsuccessfulException: Server responded with HTTP status code 404 and body 404 page not found

	at io.micrometer.registry.otlp.OtlpHttpMetricsSender.send(OtlpHttpMetricsSender.java:68) ~[micrometer-registry-otlp-1.17.0.jar:1.17.0]
	at io.micrometer.registry.otlp.OtlpMeterRegistry.publish(OtlpMeterRegistry.java:193) ~[micrometer-registry-otlp-1.17.0.jar:1.17.0]
	at io.micrometer.core.instrument.push.PushMeterRegistry.publishSafelyOrSkipIfInProgress(PushMeterRegistry.java:63) ~[micrometer-core-1.17.0.jar:1.17.0]
	at java.base/java.util.concurrent.Executors$RunnableAdapter.call(Executors.java:545) ~[na:na]
	at java.base/java.util.concurrent.FutureTask.runAndReset(FutureTask.java:369) ~[na:na]
	at java.base/java.util.concurrent.ScheduledThreadPoolExecutor$ScheduledFutureTask.run(ScheduledThreadPoolExecutor.java:310) ~[na:na]
	at java.base/java.util.concurrent.ThreadPoolExecutor.runWorker(ThreadPoolExecutor.java:1090) ~[na:na]
	at java.base/java.util.concurrent.ThreadPoolExecutor$Worker.run(ThreadPoolExecutor.java:614) ~[na:na]
	at java.base/java.lang.Thread.run(Thread.java:1474) ~[na:na]

2026-07-27T16:02:22.685-03:00  WARN 20164 --- [battleship-api] [trics-publisher] [battleship-api,,] i.m.registry.otlp.OtlpMeterRegistry      : Failed to publish metrics to OTLP receiver (context: url=http://localhost:4318/v1/metrics, resource-attributes={service.name=battleship-api})

io.micrometer.registry.otlp.OtlpHttpMetricsSender$OtlpHttpMetricsSendUnsuccessfulException: Server responded with HTTP status code 404 and body 404 page not found

	at io.micrometer.registry.otlp.OtlpHttpMetricsSender.send(OtlpHttpMetricsSender.java:68) ~[micrometer-registry-otlp-1.17.0.jar:1.17.0]
	at io.micrometer.registry.otlp.OtlpMeterRegistry.publish(OtlpMeterRegistry.java:193) ~[micrometer-registry-otlp-1.17.0.jar:1.17.0]
	at io.micrometer.core.instrument.push.PushMeterRegistry.publishSafelyOrSkipIfInProgress(PushMeterRegistry.java:63) ~[micrometer-core-1.17.0.jar:1.17.0]
	at java.base/java.util.concurrent.Executors$RunnableAdapter.call(Executors.java:545) ~[na:na]
	at java.base/java.util.concurrent.FutureTask.runAndReset(FutureTask.java:369) ~[na:na]
	at java.base/java.util.concurrent.ScheduledThreadPoolExecutor$ScheduledFutureTask.run(ScheduledThreadPoolExecutor.java:310) ~[na:na]
	at java.base/java.util.concurrent.ThreadPoolExecutor.runWorker(ThreadPoolExecutor.java:1090) ~[na:na]
	at java.base/java.util.concurrent.ThreadPoolExecutor$Worker.run(ThreadPoolExecutor.java:614) ~[na:na]
	at java.base/java.lang.Thread.run(Thread.java:1474) ~[na:na]

2026-07-27T16:03:22.684-03:00  WARN 20164 --- [battleship-api] [trics-publisher] [battleship-api,,] i.m.registry.otlp.OtlpMeterRegistry      : Failed to publish metrics to OTLP receiver (context: url=http://localhost:4318/v1/metrics, resource-attributes={service.name=battleship-api})

io.micrometer.registry.otlp.OtlpHttpMetricsSender$OtlpHttpMetricsSendUnsuccessfulException: Server responded with HTTP status code 404 and body 404 page not found

	at io.micrometer.registry.otlp.OtlpHttpMetricsSender.send(OtlpHttpMetricsSender.java:68) ~[micrometer-registry-otlp-1.17.0.jar:1.17.0]
	at io.micrometer.registry.otlp.OtlpMeterRegistry.publish(OtlpMeterRegistry.java:193) ~[micrometer-registry-otlp-1.17.0.jar:1.17.0]
	at io.micrometer.core.instrument.push.PushMeterRegistry.publishSafelyOrSkipIfInProgress(PushMeterRegistry.java:63) ~[micrometer-core-1.17.0.jar:1.17.0]
	at java.base/java.util.concurrent.Executors$RunnableAdapter.call(Executors.java:545) ~[na:na]
	at java.base/java.util.concurrent.FutureTask.runAndReset(FutureTask.java:369) ~[na:na]
	at java.base/java.util.concurrent.ScheduledThreadPoolExecutor$ScheduledFutureTask.run(ScheduledThreadPoolExecutor.java:310) ~[na:na]
	at java.base/java.util.concurrent.ThreadPoolExecutor.runWorker(ThreadPoolExecutor.java:1090) ~[na:na]
	at java.base/java.util.concurrent.ThreadPoolExecutor$Worker.run(ThreadPoolExecutor.java:614) ~[na:na]
	at java.base/java.lang.Thread.run(Thread.java:1474) ~[na:na]

2026-07-27T16:03:35.211-03:00  INFO 20164 --- [battleship-api] [MessageBroker-9] [battleship-api,,] o.s.w.s.c.WebSocketMessageBrokerStats    : WebSocketSession[0 current WS(0)-HttpStream(0)-HttpPoll(0), 0 total, 0 closed abnormally (0 connect failure, 0 send limit, 0 transport error)], stompSubProtocol[processed CONNECT(0)-CONNECTED(0)-DISCONNECT(0)], stompBrokerRelay[null], inboundChannel[pool size = 0, active threads = 0, queued tasks = 0, completed tasks = 0], outboundChannel[pool size = 0, active threads = 0, queued tasks = 0, completed tasks = 0], sockJsScheduler[pool size = 12, active threads = 1, queued tasks = 3, completed tasks = 320]
